S.N,Date,Design_No,Current_Stock,Tile_Name,Category,Brand,Size,Min_Stock,Max_Stock,Unit_Price,Status,Total_Value,Last_Updated
1.0,01-04-2025,017 -WALL TILES- 12*18 (F),9.0,017 -WALL TILES- 12*18 (F),Uncategorized,Generic,,10,100,0.0,Active,0.0,2026-02-07 18:50:40
2.0,01-04-2025,10003 -WALL TILES- 12*18 (HL-2),14.0,10003 -WALL TILES- 12*18 (HL-2),Uncategorized,Generic,,10,100,0.0,Active,0.0,2026-02-07 05:15:48
3.0,01-04-2025,10003 -WALL TILES- 12*18 (L),14.0,10003 -WALL TILES- 12*18 (L),Uncategorized,Generic,,10,100,0.0,Active,0.0,
4.0,01-04-2025,10038 -GVT- 24*24,15.0,10038 -GVT- 24*24,Uncategorized,Generic,,10,100,0.0,Active,0.0,
5.0,01-04-2025,1005 - 2X2 PRE.,8.0,1005 - 2X2 PRE.,Uncategorized,Generic,,10,100,0.0,Active,0.0,
6.0,01-04-2025,1012 D,31.0,1012 D,Uncategorized,Generic,,10,100,0.0,Active,0.0,
7.0,01-04-2025,1012 F,18.0,1012 F,Uncategorized,Generic,,10,100,0.0,Active,0.0,
8.0,01-04-2025,1012 HL-1,46.0,1012 HL-1,Uncategorized,Generic,,10,100,0.0,Active,0.0,2026-02-07 16:10:04
9.0,01-04-2025,1012 HL-2,50.0,1012 HL-2,Uncategorized,Generic,,10,100,0.0,Active,0.0,
10.0,01-04-2025,1012 L,2.0,1012 L,Uncategorized,Generic,,10,100,0.0,Active,0.0,
11.0,01-04-2025,10160 -GVT- 24*24,8.0,10160 -GVT- 24*24,Uncategorized,Generic,,10,100,0.0,Active,0.0,
12.0,01-04-2025,10161 GVT 24*24,69.0,10161 GVT 24*24,Uncategorized,Generic,,10,100,0.0,Active,0.0,
13.0,01-04-2025,10170,7.0,10170,Uncategorized,Generic,,10,100,0.0,Active,0.0,
14.0,01-04-2025,10175,3.0,10175,Uncategorized,Generic,,10,100,0.0,Active,0.0,
15.0,01-04-2025,1066 D,39.0,1066 D,Uncategorized,Generic,,10,100,0.0,Active,0.0,
16.0,01-04-2025,1066 HL,31.0,1066 HL,Uncategorized,Generic,,10,100,0.0,Active,0.0,
17.0,01-04-2025,1066 L,45.0,1066 L,Uncategorized,Generic,,10,100,0.0,Active,0.0,
18.0,01-04-2025,1143 D,37.0,1143 D,Uncategorized,Generic,,10,100,0.0,Active,0.0,
19.0,01-04-2025,1143 F,8.0,1143 F,Uncategorized,Generic,,10,100,0.0,Active,0.0,
20.0,01-04-2025,1143 HL-A,2.0,1143 HL-A,Uncategorized,Generic,,10,100,0.0,Active,0.0,
21.0,01-04-2025,1143 HL-B,9.0,1143 HL-B,Uncategorized,Generic,,10,100,0.0,Active,0.0,
22.0,01-04-2025,1143 L,8.0,1143 L,Uncategorized,Generic,,10,100,0.0,Active,0.0,
23.0,01-04-2025,1167 D,89.0,1167 D,Uncategorized,Generic,,10,100,0.0,Active,0.0,
24.0,01-04-2025,1167 HL,82.0,1167 HL,Uncategorized,Generic,,10,100,0.0,Active,0.0,
25.0,01-04-2025,1167 L,54.0,1167 L,Uncategorized,Generic,,10,100,0.0,Active,0.0,
26.0,01-04-2025,1172 - D,18.0,1172 - D,Uncategorized,Generic,,10,100,0.0,Active,0.0,
27.0,01-04-2025,1172 - F,43.0,1172 - F,Uncategorized,Generic,,10,100,0.0,Active,0.0,
28.0,01-04-2025,1172 - L,39.0,1172 - L,Uncategorized,Generic,,10,100,0.0,Active,0.0,
29.0,01-04-2025,1195 - F,19.0,1195 - F,Uncategorized,Generic,,10,100,0.0,Active,0.0,
30.0,01-04-2025,1195 -L,1.0,1195 -L,Uncategorized,Generic,,10,100,0.0,Active,0.0,
31.0,01-04-2025,12036-GVT- 24*24-  PRE.,2.0,12036-GVT- 24*24-  PRE.,Uncategorized,Generic,,10,100,0.0,Active,0.0,
32.0,01-04-2025,1263 - F,38.0,1263 - F,Uncategorized,Generic,,10,100,0.0,Active,0.0,
33.0,01-04-2025,1263 - HL-1,4.0,1263 - HL-1,Uncategorized,Generic,,10,100,0.0,Active,0.0,
34.0,01-04-2025,1263 - L,20.0,1263 - L,Uncategorized,Generic,,10,100,0.0,Active,0.0,
35.0,01-04-2025,13002,1.0,13002,Uncategorized,Generic,,10,100,0.0,Active,0.0,
36.0,01-04-2025,14017-GVT -24*24 - PRE,23.0,14017-GVT -24*24 - PRE,Uncategorized,Generic,,10,100,0.0,Active,0.0,
37.0,01-04-2025,15006 -WALL TILES- 12*18 (HL-1),2.0,15006 -WALL TILES- 12*18 (HL-1),Uncategorized,Generic,,10,100,0.0,Active,0.0,
38.0,01-04-2025,1505,4.0,1505,Uncategorized,Generic,,10,100,0.0,Active,0.0,
39.0,01-04-2025,15094,5.0,15094,Uncategorized,Generic,,10,100,0.0,Active,0.0,
40.0,01-04-2025,16012,21.0,16012,Uncategorized,Generic,,10,100,0.0,Active,0.0,
41.0,01-04-2025,17063 -GVT- 24*24,26.0,17063 -GVT- 24*24,Uncategorized,Generic,,10,100,0.0,Active,0.0,
42.0,01-04-2025,1752 D,57.0,1752 D,Uncategorized,Generic,,10,100,0.0,Active,0.0,
43.0,01-04-2025,1752 F,42.0,1752 F,Uncategorized,Generic,,10,100,0.0,Active,0.0,
44.0,01-04-2025,1752 HL-1,76.0,1752 HL-1,Uncategorized,Generic,,10,100,0.0,Active,0.0,
45.0,01-04-2025,1752 L,81.0,1752 L,Uncategorized,Generic,,10,100,0.0,Active,0.0,
46.0,01-04-2025,18143-GVT - 24*24 - PRE.,1.0,18143-GVT - 24*24 - PRE.,Uncategorized,Generic,,10,100,0.0,Active,0.0,
47.0,01-04-2025,1884 Hl-2,12.0,1884 Hl-2,Uncategorized,Generic,,10,100,0.0,Active,0.0,
48.0,01-04-2025,1884 HL-3,10.0,1884 HL-3,Uncategorized,Generic,,10,100,0.0,Active,0.0,
49.0,01-04-2025,1884 L,2.0,1884 L,Uncategorized,Generic,,10,100,0.0,Active,0.0,
50.0,01-04-2025,206 4feet Riser,10.0,206 4feet Riser,Uncategorized,Generic,,10,100,0.0,Active,0.0,
51.0,01-04-2025,206 4feet Step Blanding,5.0,206 4feet Step Blanding,Uncategorized,Generic,,10,100,0.0,Active,0.0,
52.0,01-04-2025,21128,39.0,21128,Uncategorized,Generic,,10,100,0.0,Active,0.0,
53.0,01-04-2025,219- PARK.TILES - 16*16,10.0,219- PARK.TILES - 16*16,Uncategorized,Generic,,10,100,0.0,Active,0.0,
54.0,01-04-2025,224 KT-1,5.0,224 KT-1,Uncategorized,Generic,,10,100,0.0,Active,0.0,
55.0,01-04-2025,224 KT-2,5.0,224 KT-2,Uncategorized,Generic,,10,100,0.0,Active,0.0,
56.0,01-04-2025,2289 -WALL TILES- 12*18 (D),4.0,2289 -WALL TILES- 12*18 (D),Uncategorized,Generic,,10,100,0.0,Active,0.0,
57.0,01-04-2025,2289 -WALL TILES- 12*18 (HL-1),2.0,2289 -WALL TILES- 12*18 (HL-1),Uncategorized,Generic,,10,100,0.0,Active,0.0,
58.0,01-04-2025,2289 -WALL TILES- 12*18 (HL-2),6.0,2289 -WALL TILES- 12*18 (HL-2),Uncategorized,Generic,,10,100,0.0,Active,0.0,
59.0,01-04-2025,2289 -WALL TILES- 12*18 (L),19.0,2289 -WALL TILES- 12*18 (L),Uncategorized,Generic,,10,100,0.0,Active,0.0,
60.0,01-04-2025,2336 -WALL TILES- 12*18 (HL-3),9.0,2336 -WALL TILES- 12*18 (HL-3),Uncategorized,Generic,,10,100,0.0,Active,0.0,
61.0,01-04-2025,2336 -WALL TILES- 12*18 (HL-5),5.0,2336 -WALL TILES- 12*18 (HL-5),Uncategorized,Generic,,10,100,0.0,Active,0.0,
62.0,01-04-2025,24025,1.0,24025,Uncategorized,Generic,,10,100,0.0,Active,0.0,
63.0,01-04-2025,24027,16.0,24027,Uncategorized,Generic,,10,100,0.0,Active,0.0,
64.0,01-04-2025,24095,1.0,24095,Uncategorized,Generic,,10,100,0.0,Active,0.0,
65.0,01-04-2025,24171,12.0,24171,Uncategorized,Generic,,10,100,0.0,Active,0.0,
66.0,01-04-2025,24186,27.0,24186,Uncategorized,Generic,,10,100,0.0,Active,0.0,
67.0,01-04-2025,24771,39.0,24771,Uncategorized,Generic,,10,100,0.0,Active,0.0,
68.0,01-04-2025,2478 -WALL TILES- 12*18 (D),23.0,2478 -WALL TILES- 12*18 (D),Uncategorized,Generic,,10,100,0.0,Active,0.0,
69.0,01-04-2025,2478 -WALL TILES- 12*18 (F),2.0,2478 -WALL TILES- 12*18 (F),Uncategorized,Generic,,10,100,0.0,Active,0.0,
70.0,01-04-2025,2480 -WALL TILES- 12*18 (D),13.0,2480 -WALL TILES- 12*18 (D),Uncategorized,Generic,,10,100,0.0,Active,0.0,
71.0,01-04-2025,24958,1.0,24958,Uncategorized,Generic,,10,100,0.0,Active,0.0,
72.0,01-04-2025,2505  - L,1.0,2505  - L,Uncategorized,Generic,,10,100,0.0,Active,0.0,
73.0,01-04-2025,25074,10.0,25074,Uncategorized,Generic,,10,100,0.0,Active,0.0,
74.0,01-04-2025,25075 2X2 PRE.,3.0,25075 2X2 PRE.,Uncategorized,Generic,,10,100,0.0,Active,0.0,
75.0,01-04-2025,25122 2X2 PRE.,2.0,25122 2X2 PRE.,Uncategorized,Generic,,10,100,0.0,Active,0.0,
76.0,01-04-2025,25168 2X2 PRE.,5.0,25168 2X2 PRE.,Uncategorized,Generic,,10,100,0.0,Active,0.0,
77.0,01-04-2025,25216,19.0,25216,Uncategorized,Generic,,10,100,0.0,Active,0.0,
78.0,01-04-2025,26001,1.0,26001,Uncategorized,Generic,,10,100,0.0,Active,0.0,
79.0,01-04-2025,26015,51.0,26015,Uncategorized,Generic,,10,100,0.0,Active,0.0,
80.0,01-04-2025,294 - D SECOORA,50.0,294 - D SECOORA,Uncategorized,Generic,,10,100,0.0,Active,0.0,
81.0,01-04-2025,294 - F SECOORA,48.0,294 - F SECOORA,Uncategorized,Generic,,10,100,0.0,Active,0.0,
82.0,01-04-2025,294 - HL-2 SECOORA,23.0,294 - HL-2 SECOORA,Uncategorized,Generic,,10,100,0.0,Active,0.0,
83.0,01-04-2025,294 - L SECOORA,8.0,294 - L SECOORA,Uncategorized,Generic,,10,100,0.0,Active,0.0,
84.0,01-04-2025,3001 Grite 2x4,16.0,3001 Grite 2x4,Uncategorized,Generic,,10,100,0.0,Active,0.0,
85.0,01-04-2025,3004,102.0,3004,Uncategorized,Generic,,10,100,0.0,Active,0.0,
86.0,01-04-2025,3008,76.0,3008,Uncategorized,Generic,,10,100,0.0,Active,0.0,
87.0,01-04-2025,3025 D,1.0,3025 D,Uncategorized,Generic,,10,100,0.0,Active,0.0,
88.0,01-04-2025,3025 HL-1,17.0,3025 HL-1,Uncategorized,Generic,,10,100,0.0,Active,0.0,
89.0,01-04-2025,3025 HL-2,17.0,3025 HL-2,Uncategorized,Generic,,10,100,0.0,Active,0.0,
90.0,01-04-2025,3025 L,50.0,3025 L,Uncategorized,Generic,,10,100,0.0,Active,0.0,
91.0,01-04-2025,3035 D,49.0,3035 D,Uncategorized,Generic,,10,100,0.0,Active,0.0,
92.0,01-04-2025,3035 HL-1,24.0,3035 HL-1,Uncategorized,Generic,,10,100,0.0,Active,0.0,
93.0,01-04-2025,3035 HL-2,20.0,3035 HL-2,Uncategorized,Generic,,10,100,0.0,Active,0.0,
94.0,01-04-2025,3035 L,50.0,3035 L,Uncategorized,Generic,,10,100,0.0,Active,0.0,
95.0,01-04-2025,3042 -WALL TILES- 12*18 (F),22.0,3042 -WALL TILES- 12*18 (F),Uncategorized,Generic,,10,100,0.0,Active,0.0,
96.0,01-04-2025,3050 -WALL TILES- 12*18 (D),86.0,3050 -WALL TILES- 12*18 (D),Uncategorized,Generic,,10,100,0.0,Active,0.0,
97.0,01-04-2025,3050 -WALL TILES- 12*18 (HL-1),2.0,3050 -WALL TILES- 12*18 (HL-1),Uncategorized,Generic,,10,100,0.0,Active,0.0,
98.0,01-04-2025,3050 -WALL TILES- 12*18 (L),84.0,3050 -WALL TILES- 12*18 (L),Uncategorized,Generic,,10,100,0.0,Active,0.0,
99.0,01-04-2025,3051 -WALL TILES- 12*18 (F),2.0,3051 -WALL TILES- 12*18 (F),Uncategorized,Generic,,10,100,0.0,Active,0.0,
100.0,01-04-2025,3071 - D,8.0,3071 - D,Uncategorized,Generic,,10,100,0.0,Active,0.0,
101.0,01-04-2025,3071 - HL-1,15.0,3071 - HL-1,Uncategorized,Generic,,10,100,0.0,Active,0.0,
102.0,01-04-2025,3084 -PARK.TILES- 12*18 (D),11.0,3084 -PARK.TILES- 12*18 (D),Uncategorized,Generic,,10,100,0.0,Active,0.0,
103.0,01-04-2025,3084 -PARK.TILES- 12*18 (HL-2),6.0,3084 -PARK.TILES- 12*18 (HL-2),Uncategorized,Generic,,10,100,0.0,Active,0.0,
104.0,01-04-2025,3084 -PARK.TILES- 12*18 (L),15.0,3084 -PARK.TILES- 12*18 (L),Uncategorized,Generic,,10,100,0.0,Active,0.0,
105.0,01-04-2025,3091 -WALL TILES- 12*18 (D),72.0,3091 -WALL TILES- 12*18 (D),Uncategorized,Generic,,10,100,0.0,Active,0.0,
106.0,01-04-2025,3091 -WALL TILES- 12*18 (F),16.0,3091 -WALL TILES- 12*18 (F),Uncategorized,Generic,,10,100,0.0,Active,0.0,
107.0,01-04-2025,3091 -WALL TILES- 12*18 (HL-1),21.0,3091 -WALL TILES- 12*18 (HL-1),Uncategorized,Generic,,10,100,0.0,Active,0.0,
108.0,01-04-2025,3091 -WALL TILES- 12*18 (HL-2),17.0,3091 -WALL TILES- 12*18 (HL-2),Uncategorized,Generic,,10,100,0.0,Active,0.0,
109.0,01-04-2025,3091 -WALL TILES- 12*18 (L),83.0,3091 -WALL TILES- 12*18 (L),Uncategorized,Generic,,10,100,0.0,Active,0.0,
110.0,01-04-2025,3108 -WALL TILES- 12*18 (D),2.0,3108 -WALL TILES- 12*18 (D),Uncategorized,Generic,,10,100,0.0,Active,0.0,
111.0,01-04-2025,3108 -WALL TILES- 12*18 (F),38.0,3108 -WALL TILES- 12*18 (F),Uncategorized,Generic,,10,100,0.0,Active,0.0,
112.0,01-04-2025,3108 -WALL TILES- 12*18 (HL-1),5.0,3108 -WALL TILES- 12*18 (HL-1),Uncategorized,Generic,,10,100,0.0,Active,0.0,
113.0,01-04-2025,3110 -WALL TILES- 12*18 (F),5.0,3110 -WALL TILES- 12*18 (F),Uncategorized,Generic,,10,100,0.0,Active,0.0,
114.0,01-04-2025,3190 D,30.0,3190 D,Uncategorized,Generic,,10,100,0.0,Active,0.0,
115.0,01-04-2025,3190 L,24.0,3190 L,Uncategorized,Generic,,10,100,0.0,Active,0.0,
116.0,01-04-2025,3193 HL-1,15.0,3193 HL-1,Uncategorized,Generic,,10,100,0.0,Active,0.0,
117.0,01-04-2025,3193 HL-2,15.0,3193 HL-2,Uncategorized,Generic,,10,100,0.0,Active,0.0,
118.0,01-04-2025,3193 L,77.0,3193 L,Uncategorized,Generic,,10,100,0.0,Active,0.0,
119.0,01-04-2025,3252 - L,3.0,3252 - L,Uncategorized,Generic,,10,100,0.0,Active,0.0,
120.0,01-04-2025,34037,17.0,34037,Uncategorized,Generic,,10,100,0.0,Active,0.0,
121.0,01-04-2025,3410 -WALL TILES- 12*18 (F),13.0,3410 -WALL TILES- 12*18 (F),Uncategorized,Generic,,10,100,0.0,Active,0.0,
122.0,01-04-2025,34132,2.0,34132,Uncategorized,Generic,,10,100,0.0,Active,0.0,
123.0,01-04-2025,3501 -WALL TILES- 12*18 (D),9.0,3501 -WALL TILES- 12*18 (D),Uncategorized,Generic,,10,100,0.0,Active,0.0,
124.0,01-04-2025,3501 -WALL TILES- 12*18 (F),22.0,3501 -WALL TILES- 12*18 (F),Uncategorized,Generic,,10,100,0.0,Active,0.0,
125.0,01-04-2025,35022,11.0,35022,Uncategorized,Generic,,10,100,0.0,Active,0.0,
126.0,01-04-2025,3505 -WALL TILES- 12*18 (D),6.0,3505 -WALL TILES- 12*18 (D),Uncategorized,Generic,,10,100,0.0,Active,0.0,
127.0,01-04-2025,3505 -WALL TILES- 12*18 (F),48.0,3505 -WALL TILES- 12*18 (F),Uncategorized,Generic,,10,100,0.0,Active,0.0,
128.0,01-04-2025,3505 -WALL TILES- 12*18 (HL-1),10.0,3505 -WALL TILES- 12*18 (HL-1),Uncategorized,Generic,,10,100,0.0,Active,0.0,
129.0,01-04-2025,3505 -WALL TILES- 12*18 (HL-2),2.0,3505 -WALL TILES- 12*18 (HL-2),Uncategorized,Generic,,10,100,0.0,Active,0.0,
130.0,01-04-2025,3505 -WALL TILES- 12*18 (L),2.0,3505 -WALL TILES- 12*18 (L),Uncategorized,Generic,,10,100,0.0,Active,0.0,
131.0,01-04-2025,3547 HL-1,3.0,3547 HL-1,Uncategorized,Generic,,10,100,0.0,Active,0.0,
132.0,01-04-2025,3547 HL-2,17.0,3547 HL-2,Uncategorized,Generic,,10,100,0.0,Active,0.0,
133.0,01-04-2025,3547 L,74.0,3547 L,Uncategorized,Generic,,10,100,0.0,Active,0.0,
134.0,01-04-2025,3559 HL-1,21.0,3559 HL-1,Uncategorized,Generic,,10,100,0.0,Active,0.0,
135.0,01-04-2025,38009,4.0,38009,Uncategorized,Generic,,10,100,0.0,Active,0.0,
136.0,01-04-2025,3D ARCADE WHITE -PGVT- 24*24,9.0,3D ARCADE WHITE -PGVT- 24*24,Uncategorized,Generic,,10,100,0.0,Active,0.0,
137.0,01-04-2025,3D BLACK CUBIC SQUARE -PGVT- 24*24,11.0,3D BLACK CUBIC SQUARE -PGVT- 24*24,Uncategorized,Generic,,10,100,0.0,Active,0.0,
138.0,01-04-2025,3D REFLECTA SILVER -PGVT-24*24,14.0,3D REFLECTA SILVER -PGVT-24*24,Uncategorized,Generic,,10,100,0.0,Active,0.0,
139.0,01-04-2025,3 Feet 159,77.0,3 Feet 159,Uncategorized,Generic,,10,100,0.0,Active,0.0,
140.0,01-04-2025,3 Feet 160,76.0,3 Feet 160,Uncategorized,Generic,,10,100,0.0,Active,0.0,
141.0,01-04-2025,4003,5.0,4003,Uncategorized,Generic,,10,100,0.0,Active,0.0,
142.0,01-04-2025,4010 - F,1.0,4010 - F,Uncategorized,Generic,,10,100,0.0,Active,0.0,
143.0,01-04-2025,4010 - L,1.0,4010 - L,Uncategorized,Generic,,10,100,0.0,Active,0.0,
144.0,01-04-2025,4020 DK,101.0,4020 DK,Uncategorized,Generic,,10,100,0.0,Active,0.0,
145.0,01-04-2025,4021,81.0,4021,Uncategorized,Generic,,10,100,0.0,Active,0.0,
146.0,01-04-2025,4 Feet 1008,46.0,4 Feet 1008,Uncategorized,Generic,,10,100,0.0,Active,0.0,
147.0,01-04-2025,4 Feet F.B. (203),63.0,4 Feet F.B. (203),Uncategorized,Generic,,10,100,0.0,Active,0.0,
148.0,01-04-2025,4 Feet F.B. (207),50.0,4 Feet F.B. (207),Uncategorized,Generic,,10,100,0.0,Active,0.0,
149.0,01-04-2025,4 Feet SP40,42.0,4 Feet SP40,Uncategorized,Generic,,10,100,0.0,Active,0.0,
150.0,01-04-2025,5004,93.0,5004,Uncategorized,Generic,,10,100,0.0,Active,0.0,
151.0,01-04-2025,5006,83.0,5006,Uncategorized,Generic,,10,100,0.0,Active,0.0,
152.0,01-04-2025,5011 -WALL TILES- 12*18 (L),4.0,5011 -WALL TILES- 12*18 (L),Uncategorized,Generic,,10,100,0.0,Active,0.0,
153.0,01-04-2025,5031 -WALL TILES- 12*18 (HL-1),10.0,5031 -WALL TILES- 12*18 (HL-1),Uncategorized,Generic,,10,100,0.0,Active,0.0,
154.0,01-04-2025,5031 -WALL TILES- 12*18 (HL-2),12.0,5031 -WALL TILES- 12*18 (HL-2),Uncategorized,Generic,,10,100,0.0,Active,0.0,
155.0,01-04-2025,5037 -WALL TILES- 12*18 (D),20.0,5037 -WALL TILES- 12*18 (D),Uncategorized,Generic,,10,100,0.0,Active,0.0,
156.0,01-04-2025,5038,25.0,5038,Uncategorized,Generic,,10,100,0.0,Active,0.0,
157.0,01-04-2025,50408 SECOORA,17.0,50408 SECOORA,Uncategorized,Generic,,10,100,0.0,Active,0.0,
158.0,01-04-2025,5052 -WALL TILES- 12*18 (D),1.0,5052 -WALL TILES- 12*18 (D),Uncategorized,Generic,,10,100,0.0,Active,0.0,
159.0,01-04-2025,5052 -WALL TILES- 12*18 (HL-1),22.0,5052 -WALL TILES- 12*18 (HL-1),Uncategorized,Generic,,10,100,0.0,Active,0.0,
160.0,01-04-2025,5052 -WALL TILES- 12*18 (HL-2),30.0,5052 -WALL TILES- 12*18 (HL-2),Uncategorized,Generic,,10,100,0.0,Active,0.0,
161.0,01-04-2025,5053 -WALL TILES- 12*18 (HL-1),10.0,5053 -WALL TILES- 12*18 (HL-1),Uncategorized,Generic,,10,100,0.0,Active,0.0,
162.0,01-04-2025,5053 -WALL TILES- 12*18 (HL-2),17.0,5053 -WALL TILES- 12*18 (HL-2),Uncategorized,Generic,,10,100,0.0,Active,0.0,
163.0,01-04-2025,5087 -WALL TILES- 12*18 (HL-2),4.0,5087 -WALL TILES- 12*18 (HL-2),Uncategorized,Generic,,10,100,0.0,Active,0.0,
164.0,01-04-2025,5087 -WALL TILES- 12*18 (L),8.0,5087 -WALL TILES- 12*18 (L),Uncategorized,Generic,,10,100,0.0,Active,0.0,
165.0,01-04-2025,511 - KCH-2 SECOORA,23.0,511 - KCH-2 SECOORA,Uncategorized,Generic,,10,100,0.0,Active,0.0,
166.0,01-04-2025,51207 - D SECOORA,1.0,51207 - D SECOORA,Uncategorized,Generic,,10,100,0.0,Active,0.0,
167.0,01-04-2025,51207 - F SECOORA,32.0,51207 - F SECOORA,Uncategorized,Generic,,10,100,0.0,Active,0.0,
168.0,01-04-2025,51207 - HL-1,50.0,51207 - HL-1,Uncategorized,Generic,,10,100,0.0,Active,0.0,
169.0,01-04-2025,51207 - L SECOORA,62.0,51207 - L SECOORA,Uncategorized,Generic,,10,100,0.0,Active,0.0,
170.0,01-04-2025,51279 - D SECOORA,50.0,51279 - D SECOORA,Uncategorized,Generic,,10,100,0.0,Active,0.0,
171.0,01-04-2025,51279 - F SECOORA,36.0,51279 - F SECOORA,Uncategorized,Generic,,10,100,0.0,Active,0.0,
172.0,01-04-2025,51279 - HL-1 SECOORA,36.0,51279 - HL-1 SECOORA,Uncategorized,Generic,,10,100,0.0,Active,0.0,
173.0,01-04-2025,51279 - L SECOORA,84.0,51279 - L SECOORA,Uncategorized,Generic,,10,100,0.0,Active,0.0,
174.0,01-04-2025,51461 (F) 12*12 SECOORA,53.0,51461 (F) 12*12 SECOORA,Uncategorized,Generic,,10,100,0.0,Active,0.0,
175.0,01-04-2025,51477 (F) 12*12 SECOORA,7.0,51477 (F) 12*12 SECOORA,Uncategorized,Generic,,10,100,0.0,Active,0.0,
176.0,01-04-2025,51495 - D SECOORA,58.0,51495 - D SECOORA,Uncategorized,Generic,,10,100,0.0,Active,0.0,
177.0,01-04-2025,51495 - F SECOORA,29.0,51495 - F SECOORA,Uncategorized,Generic,,10,100,0.0,Active,0.0,
178.0,01-04-2025,51495 - L SECOORA,42.0,51495 - L SECOORA,Uncategorized,Generic,,10,100,0.0,Active,0.0,
179.0,01-04-2025,514 - KCH-07 SECOORA,1.0,514 - KCH-07 SECOORA,Uncategorized,Generic,,10,100,0.0,Active,0.0,
180.0,01-04-2025,514 - KCH-09 SECOORA,11.0,514 - KCH-09 SECOORA,Uncategorized,Generic,,10,100,0.0,Active,0.0,
181.0,01-04-2025,514 - L SECOORA,71.0,514 - L SECOORA,Uncategorized,Generic,,10,100,0.0,Active,0.0,
182.0,01-04-2025,51657 (F) 12*12 SECOORA,4.0,51657 (F) 12*12 SECOORA,Uncategorized,Generic,,10,100,0.0,Active,0.0,
183.0,01-04-2025,51815 (F) 12*12 SECOORA,30.0,51815 (F) 12*12 SECOORA,Uncategorized,Generic,,10,100,0.0,Active,0.0,
184.0,01-04-2025,51867 (LF) 12*12 SECOORA,5.0,51867 (LF) 12*12 SECOORA,Uncategorized,Generic,,10,100,0.0,Active,0.0,
185.0,01-04-2025,51942 -D,5.0,51942 -D,Uncategorized,Generic,,10,100,0.0,Active,0.0,
186.0,01-04-2025,51942 - F,26.0,51942 - F,Uncategorized,Generic,,10,100,0.0,Active,0.0,
187.0,01-04-2025,51942 HL-1,11.0,51942 HL-1,Uncategorized,Generic,,10,100,0.0,Active,0.0,
188.0,01-04-2025,51942 -L,22.0,51942 -L,Uncategorized,Generic,,10,100,0.0,Active,0.0,
189.0,01-04-2025,519 - KCH-1 SECOORA,4.0,519 - KCH-1 SECOORA,Uncategorized,Generic,,10,100,0.0,Active,0.0,
190.0,01-04-2025,52572 Secoora - D,1.0,52572 Secoora - D,Uncategorized,Generic,,10,100,0.0,Active,0.0,
191.0,01-04-2025,52572 Secoora - F,2.0,52572 Secoora - F,Uncategorized,Generic,,10,100,0.0,Active,0.0,
192.0,01-04-2025,52572 Secoora HL,23.0,52572 Secoora HL,Uncategorized,Generic,,10,100,0.0,Active,0.0,
193.0,01-04-2025,52572 Secoora - L,26.0,52572 Secoora - L,Uncategorized,Generic,,10,100,0.0,Active,0.0,
194.0,01-04-2025,52600 - D SECOORA,34.0,52600 - D SECOORA,Uncategorized,Generic,,10,100,0.0,Active,0.0,
195.0,01-04-2025,52600 - F SECOORA,12.0,52600 - F SECOORA,Uncategorized,Generic,,10,100,0.0,Active,0.0,
196.0,01-04-2025,52600 - HL-1 SECOORA,41.0,52600 - HL-1 SECOORA,Uncategorized,Generic,,10,100,0.0,Active,0.0,
197.0,01-04-2025,52600 - L SECOORA,30.0,52600 - L SECOORA,Uncategorized,Generic,,10,100,0.0,Active,0.0,
198.0,01-04-2025,52608 -D SECOORA,74.0,52608 -D SECOORA,Uncategorized,Generic,,10,100,0.0,Active,0.0,
199.0,01-04-2025,52608 -F SECOORA,44.0,52608 -F SECOORA,Uncategorized,Generic,,10,100,0.0,Active,0.0,
200.0,01-04-2025,52608 - L SECOORA,74.0,52608 - L SECOORA,Uncategorized,Generic,,10,100,0.0,Active,0.0,
201.0,01-04-2025,52611 - HL-2,2.0,52611 - HL-2,Uncategorized,Generic,,10,100,0.0,Active,0.0,
202.0,01-04-2025,55001 2X2 PRE.,31.0,55001 2X2 PRE.,Uncategorized,Generic,,10,100,0.0,Active,0.0,
203.0,01-04-2025,550 - KCH-2 SECOORA,4.0,550 - KCH-2 SECOORA,Uncategorized,Generic,,10,100,0.0,Active,0.0,
204.0,01-04-2025,553 - KCH-01 SECOORA,3.0,553 - KCH-01 SECOORA,Uncategorized,Generic,,10,100,0.0,Active,0.0,
205.0,01-04-2025,6006,114.0,6006,Uncategorized,Generic,,10,100,0.0,Active,0.0,
206.0,01-04-2025,600*600 D.Charge Simanto Glaxy Choclate,4.0,600*600 D.Charge Simanto Glaxy Choclate,Uncategorized,Generic,,10,100,0.0,Active,0.0,
207.0,01-04-2025,600*600 D.Charge Simanto Glaxy Marble,2.0,600*600 D.Charge Simanto Glaxy Marble,Uncategorized,Generic,,10,100,0.0,Active,0.0,
208.0,01-04-2025,600*600 D. Charge Simanto Glaxy Pista,1.0,600*600 D. Charge Simanto Glaxy Pista,Uncategorized,Generic,,10,100,0.0,Active,0.0,
209.0,01-04-2025,600*600 D.Charge Simanto Glaxy Red,11.0,600*600 D.Charge Simanto Glaxy Red,Uncategorized,Generic,,10,100,0.0,Active,0.0,
210.0,01-04-2025,600*600 D.Charge Simanto Glaxy Sandi,1.0,600*600 D.Charge Simanto Glaxy Sandi,Uncategorized,Generic,,10,100,0.0,Active,0.0,
211.0,01-04-2025,600*600 D.Charge Simanto Glaxy White,3.0,600*600 D.Charge Simanto Glaxy White,Uncategorized,Generic,,10,100,0.0,Active,0.0,
212.0,01-04-2025,6017,1.0,6017,Uncategorized,Generic,,10,100,0.0,Active,0.0,
213.0,01-04-2025,6020 Mate,35.0,6020 Mate,Uncategorized,Generic,,10,100,0.0,Active,0.0,
214.0,01-04-2025,6044,8.0,6044,Uncategorized,Generic,,10,100,0.0,Active,0.0,
215.0,01-04-2025,6050 Emala Grey,2.0,6050 Emala Grey,Uncategorized,Generic,,10,100,0.0,Active,0.0,
216.0,01-04-2025,6053,77.0,6053,Uncategorized,Generic,,10,100,0.0,Active,0.0,
217.0,01-04-2025,6072,89.0,6072,Uncategorized,Generic,,10,100,0.0,Active,0.0,
218.0,01-04-2025,6073,22.0,6073,Uncategorized,Generic,,10,100,0.0,Active,0.0,
219.0,01-04-2025,6078,91.0,6078,Uncategorized,Generic,,10,100,0.0,Active,0.0,
220.0,01-04-2025,6084,26.0,6084,Uncategorized,Generic,,10,100,0.0,Active,0.0,
221.0,01-04-2025,6094,104.0,6094,Uncategorized,Generic,,10,100,0.0,Active,0.0,
222.0,01-04-2025,6100,54.0,6100,Uncategorized,Generic,,10,100,0.0,Active,0.0,
223.0,01-04-2025,6123,45.0,6123,Uncategorized,Generic,,10,100,0.0,Active,0.0,
224.0,01-04-2025,6187 - GVT - 24*24,65.0,6187 - GVT - 24*24,Uncategorized,Generic,,10,100,0.0,Active,0.0,
225.0,01-04-2025,6518,9.0,6518,Uncategorized,Generic,,10,100,0.0,Active,0.0,
226.0,01-04-2025,6531 - D,3.0,6531 - D,Uncategorized,Generic,,10,100,0.0,Active,0.0,
227.0,01-04-2025,6531 - F,23.0,6531 - F,Uncategorized,Generic,,10,100,0.0,Active,0.0,
228.0,01-04-2025,6531 - L,7.0,6531 - L,Uncategorized,Generic,,10,100,0.0,Active,0.0,
229.0,01-04-2025,6539,115.0,6539,Uncategorized,Generic,,10,100,0.0,Active,0.0,
230.0,01-04-2025,7008,118.0,7008,Uncategorized,Generic,,10,100,0.0,Active,0.0,
231.0,01-04-2025,7012,81.0,7012,Uncategorized,Generic,,10,100,0.0,Active,0.0,
232.0,01-04-2025,7024,11.0,7024,Uncategorized,Generic,,10,100,0.0,Active,0.0,
233.0,01-04-2025,7036,35.0,7036,Uncategorized,Generic,,10,100,0.0,Active,0.0,
234.0,01-04-2025,7065,39.0,7065,Uncategorized,Generic,,10,100,0.0,Active,0.0,
235.0,01-04-2025,7067,4.0,7067,Uncategorized,Generic,,10,100,0.0,Active,0.0,
236.0,01-04-2025,7076,100.0,7076,Uncategorized,Generic,,10,100,0.0,Active,0.0,
237.0,01-04-2025,7086,34.0,7086,Uncategorized,Generic,,10,100,0.0,Active,0.0,
238.0,01-04-2025,7104,75.0,7104,Uncategorized,Generic,,10,100,0.0,Active,0.0,
239.0,01-04-2025,7114- PARK.TILES- 16*16,21.0,7114- PARK.TILES- 16*16,Uncategorized,Generic,,10,100,0.0,Active,0.0,
240.0,01-04-2025,7139,121.0,7139,Uncategorized,Generic,,10,100,0.0,Active,0.0,
241.0,01-04-2025,7167,65.0,7167,Uncategorized,Generic,,10,100,0.0,Active,0.0,
242.0,01-04-2025,7252 -WALL TILES- 12*18 (L),1.0,7252 -WALL TILES- 12*18 (L),Uncategorized,Generic,,10,100,0.0,Active,0.0,
243.0,01-04-2025,7298 -WALL TILES- 12*18 (D),4.0,7298 -WALL TILES- 12*18 (D),Uncategorized,Generic,,10,100,0.0,Active,0.0,
244.0,01-04-2025,7298 -WALL TILES- 12*18 (HL-1),10.0,7298 -WALL TILES- 12*18 (HL-1),Uncategorized,Generic,,10,100,0.0,Active,0.0,
245.0,01-04-2025,7298 -WALL TILES- 12*18 (L),4.0,7298 -WALL TILES- 12*18 (L),Uncategorized,Generic,,10,100,0.0,Active,0.0,
246.0,01-04-2025,7592 24*24,30.0,7592 24*24,Uncategorized,Generic,,10,100,0.0,Active,0.0,
247.0,01-04-2025,7685 24*24,5.0,7685 24*24,Uncategorized,Generic,,10,100,0.0,Active,0.0,
248.0,01-04-2025,8001,108.0,8001,Uncategorized,Generic,,10,100,0.0,Active,0.0,
249.0,01-04-2025,8004,44.0,8004,Uncategorized,Generic,,10,100,0.0,Active,0.0,
250.0,01-04-2025,8007,2.0,8007,Uncategorized,Generic,,10,100,0.0,Active,0.0,
251.0,01-04-2025,8008 NANO VITRIFIED PRE.,13.0,8008 NANO VITRIFIED PRE.,Uncategorized,Generic,,10,100,0.0,Active,0.0,
252.0,01-04-2025,8010,52.0,8010,Uncategorized,Generic,,10,100,0.0,Active,0.0,
253.0,01-04-2025,8013,6.0,8013,Uncategorized,Generic,,10,100,0.0,Active,0.0,
254.0,01-04-2025,8014,127.0,8014,Uncategorized,Generic,,10,100,0.0,Active,0.0,
255.0,01-04-2025,8016,16.0,8016,Uncategorized,Generic,,10,100,0.0,Active,0.0,
256.0,01-04-2025,8016 NANO VITRIFIED STD.,5.0,8016 NANO VITRIFIED STD.,Uncategorized,Generic,,10,100,0.0,Active,0.0,
257.0,01-04-2025,8018,3.0,8018,Uncategorized,Generic,,10,100,0.0,Active,0.0,
258.0,01-04-2025,8021 24*24,30.0,8021 24*24,Uncategorized,Generic,,10,100,0.0,Active,0.0,
259.0,01-04-2025,8024,2.0,8024,Uncategorized,Generic,,10,100,0.0,Active,0.0,
260.0,01-04-2025,8028 - D,114.0,8028 - D,Uncategorized,Generic,,10,100,0.0,Active,0.0,
261.0,01-04-2025,8028 - F,27.0,8028 - F,Uncategorized,Generic,,10,100,0.0,Active,0.0,
262.0,01-04-2025,8028 - HL1A,9.0,8028 - HL1A,Uncategorized,Generic,,10,100,0.0,Active,0.0,
263.0,01-04-2025,8028 - HL1B,2.0,8028 - HL1B,Uncategorized,Generic,,10,100,0.0,Active,0.0,
264.0,01-04-2025,8028 - L,35.0,8028 - L,Uncategorized,Generic,,10,100,0.0,Active,0.0,
265.0,01-04-2025,8032,3.0,8032,Uncategorized,Generic,,10,100,0.0,Active,0.0,
266.0,01-04-2025,8032 2x2,39.0,8032 2x2,Uncategorized,Generic,,10,100,0.0,Active,0.0,
267.0,01-04-2025,8039,2.0,8039,Uncategorized,Generic,,10,100,0.0,Active,0.0,
268.0,01-04-2025,8042,80.0,8042,Uncategorized,Generic,,10,100,0.0,Active,0.0,
269.0,01-04-2025,8043,1.0,8043,Uncategorized,Generic,,10,100,0.0,Active,0.0,
270.0,01-04-2025,804 Glossy,139.0,804 Glossy,Uncategorized,Generic,,10,100,0.0,Active,0.0,
271.0,01-04-2025,8076 -PGVT- 24*24,42.0,8076 -PGVT- 24*24,Uncategorized,Generic,,10,100,0.0,Active,0.0,
272.0,01-04-2025,8081,3.0,8081,Uncategorized,Generic,,10,100,0.0,Active,0.0,
273.0,01-04-2025,8091,66.0,8091,Uncategorized,Generic,,10,100,0.0,Active,0.0,
274.0,01-04-2025,8094,112.0,8094,Uncategorized,Generic,,10,100,0.0,Active,0.0,
275.0,01-04-2025,8099,122.0,8099,Uncategorized,Generic,,10,100,0.0,Active,0.0,
276.0,01-04-2025,8110 F,31.0,8110 F,Uncategorized,Generic,,10,100,0.0,Active,0.0,
277.0,01-04-2025,8110 HL-1,37.0,8110 HL-1,Uncategorized,Generic,,10,100,0.0,Active,0.0,
278.0,01-04-2025,8110 L,1.0,8110 L,Uncategorized,Generic,,10,100,0.0,Active,0.0,
279.0,01-04-2025,8114 F,12.0,8114 F,Uncategorized,Generic,,10,100,0.0,Active,0.0,
280.0,01-04-2025,8114 HL-1,31.0,8114 HL-1,Uncategorized,Generic,,10,100,0.0,Active,0.0,
281.0,01-04-2025,8114 L,105.0,8114 L,Uncategorized,Generic,,10,100,0.0,Active,0.0,
282.0,01-04-2025,8124 D,52.0,8124 D,Uncategorized,Generic,,10,100,0.0,Active,0.0,
283.0,01-04-2025,8124 F,56.0,8124 F,Uncategorized,Generic,,10,100,0.0,Active,0.0,
284.0,01-04-2025,8124 Hl-1,84.0,8124 Hl-1,Uncategorized,Generic,,10,100,0.0,Active,0.0,
285.0,01-04-2025,8124 L,104.0,8124 L,Uncategorized,Generic,,10,100,0.0,Active,0.0,
286.0,01-04-2025,8131 F,53.0,8131 F,Uncategorized,Generic,,10,100,0.0,Active,0.0,
287.0,01-04-2025,8131 HL-1,4.0,8131 HL-1,Uncategorized,Generic,,10,100,0.0,Active,0.0,
288.0,01-04-2025,8131 L,127.0,8131 L,Uncategorized,Generic,,10,100,0.0,Active,0.0,
289.0,01-04-2025,8157 D,3.0,8157 D,Uncategorized,Generic,,10,100,0.0,Active,0.0,
290.0,01-04-2025,8157 F,12.0,8157 F,Uncategorized,Generic,,10,100,0.0,Active,0.0,
291.0,01-04-2025,8157 HL-1,72.0,8157 HL-1,Uncategorized,Generic,,10,100,0.0,Active,0.0,
292.0,01-04-2025,8157 L,90.0,8157 L,Uncategorized,Generic,,10,100,0.0,Active,0.0,
293.0,01-04-2025,8400 D,75.0,8400 D,Uncategorized,Generic,,10,100,0.0,Active,0.0,
294.0,01-04-2025,8400 KT-2,19.0,8400 KT-2,Uncategorized,Generic,,10,100,0.0,Active,0.0,
295.0,01-04-2025,8400 KT-3,14.0,8400 KT-3,Uncategorized,Generic,,10,100,0.0,Active,0.0,
296.0,01-04-2025,8400 L,115.0,8400 L,Uncategorized,Generic,,10,100,0.0,Active,0.0,
297.0,01-04-2025,8481 D,101.0,8481 D,Uncategorized,Generic,,10,100,0.0,Active,0.0,
298.0,01-04-2025,8481 F,51.0,8481 F,Uncategorized,Generic,,10,100,0.0,Active,0.0,
299.0,01-04-2025,8481 Hl-1,102.0,8481 Hl-1,Uncategorized,Generic,,10,100,0.0,Active,0.0,
300.0,01-04-2025,8481 L,102.0,8481 L,Uncategorized,Generic,,10,100,0.0,Active,0.0,
301.0,01-04-2025,8502 D,111.0,8502 D,Uncategorized,Generic,,10,100,0.0,Active,0.0,
302.0,01-04-2025,8502 F,70.0,8502 F,Uncategorized,Generic,,10,100,0.0,Active,0.0,
303.0,01-04-2025,8502 HL-1,101.0,8502 HL-1,Uncategorized,Generic,,10,100,0.0,Active,0.0,
304.0,01-04-2025,8502 L,98.0,8502 L,Uncategorized,Generic,,10,100,0.0,Active,0.0,
305.0,01-04-2025,8503 D,103.0,8503 D,Uncategorized,Generic,,10,100,0.0,Active,0.0,
306.0,01-04-2025,8503 F,91.0,8503 F,Uncategorized,Generic,,10,100,0.0,Active,0.0,
307.0,01-04-2025,8503 HL-1,167.0,8503 HL-1,Uncategorized,Generic,,10,100,0.0,Active,0.0,
308.0,01-04-2025,8503 L,90.0,8503 L,Uncategorized,Generic,,10,100,0.0,Active,0.0,
309.0,01-04-2025,8536,3.0,8536,Uncategorized,Generic,,10,100,0.0,Active,0.0,
310.0,01-04-2025,9047 -WALL TILES- 12*18 (D),8.0,9047 -WALL TILES- 12*18 (D),Uncategorized,Generic,,10,100,0.0,Active,0.0,
311.0,01-04-2025,9055 - L,2.0,9055 - L,Uncategorized,Generic,,10,100,0.0,Active,0.0,
312.0,01-04-2025,9062 - D,57.0,9062 - D,Uncategorized,Generic,,10,100,0.0,Active,0.0,
313.0,01-04-2025,9062 - KT-1,32.0,9062 - KT-1,Uncategorized,Generic,,10,100,0.0,Active,0.0,
314.0,01-04-2025,9062 - KT-2,32.0,9062 - KT-2,Uncategorized,Generic,,10,100,0.0,Active,0.0,
315.0,01-04-2025,9062 - L,76.0,9062 - L,Uncategorized,Generic,,10,100,0.0,Active,0.0,
316.0,01-04-2025,Adage Silver End 2*4 - Pre,6.0,Adage Silver End 2*4 - Pre,Uncategorized,Generic,,10,100,0.0,Active,0.0,
317.0,01-04-2025,Almord Dc,100.0,Almord Dc,Uncategorized,Generic,,10,100,0.0,Active,0.0,
318.0,01-04-2025,AMAZON CHOCO,2.0,AMAZON CHOCO,Uncategorized,Generic,,10,100,0.0,Active,0.0,
319.0,01-04-2025,AMAZON NERO,15.0,AMAZON NERO,Uncategorized,Generic,,10,100,0.0,Active,0.0,
320.0,01-04-2025,AMONZA BLUE -PGVT- 24*24 - PRE.,27.0,AMONZA BLUE -PGVT- 24*24 - PRE.,Uncategorized,Generic,,10,100,0.0,Active,0.0,
321.0,01-04-2025,AQUA BLUE GOLD 2X4,11.0,AQUA BLUE GOLD 2X4,Uncategorized,Generic,,10,100,0.0,Active,0.0,
322.0,01-04-2025,ART ASIA  -2460- 12*12 (F),1.0,ART ASIA  -2460- 12*12 (F),Uncategorized,Generic,,10,100,0.0,Active,0.0,
323.0,01-04-2025,ART ASIA -8016- F,6.0,ART ASIA -8016- F,Uncategorized,Generic,,10,100,0.0,Active,0.0,
324.0,01-04-2025,ART ASIA -8016- HL-1,25.0,ART ASIA -8016- HL-1,Uncategorized,Generic,,10,100,0.0,Active,0.0,
325.0,01-04-2025,ART ASIA - DC-111- 12*12 (F),14.0,ART ASIA - DC-111- 12*12 (F),Uncategorized,Generic,,10,100,0.0,Active,0.0,
326.0,01-04-2025,ART ASIA - DC-116- 12*12 (F),3.0,ART ASIA - DC-116- 12*12 (F),Uncategorized,Generic,,10,100,0.0,Active,0.0,
327.0,01-04-2025,ART ASIA WALL TILES - 2144 (D),1.0,ART ASIA WALL TILES - 2144 (D),Uncategorized,Generic,,10,100,0.0,Active,0.0,
328.0,01-04-2025,ART ASIA WALL TILES  - 2144 (F),46.0,ART ASIA WALL TILES  - 2144 (F),Uncategorized,Generic,,10,100,0.0,Active,0.0,
329.0,01-04-2025,ART ASIA WALL TILES -  2144 (HL-1),20.0,ART ASIA WALL TILES -  2144 (HL-1),Uncategorized,Generic,,10,100,0.0,Active,0.0,
330.0,01-04-2025,ART ASIA WALL TILES - 2144 (L),1.0,ART ASIA WALL TILES - 2144 (L),Uncategorized,Generic,,10,100,0.0,Active,0.0,
331.0,01-04-2025,ART ASIA WALL TILES-2184- 12*18 (HL-2),2.0,ART ASIA WALL TILES-2184- 12*18 (HL-2),Uncategorized,Generic,,10,100,0.0,Active,0.0,
332.0,01-04-2025,ART ASIA WALL TILES - 2436 (F),12.0,ART ASIA WALL TILES - 2436 (F),Uncategorized,Generic,,10,100,0.0,Active,0.0,
333.0,01-04-2025,ART ASIA WALL TILES -2436 (L),12.0,ART ASIA WALL TILES -2436 (L),Uncategorized,Generic,,10,100,0.0,Active,0.0,
334.0,01-04-2025,ART ASIA WALL TILES-2460- 12*18 (D),1.0,ART ASIA WALL TILES-2460- 12*18 (D),Uncategorized,Generic,,10,100,0.0,Active,0.0,
335.0,01-04-2025,ART ASIA WALL TILES-2460- 12*18 (HL-1),6.0,ART ASIA WALL TILES-2460- 12*18 (HL-1),Uncategorized,Generic,,10,100,0.0,Active,0.0,
336.0,01-04-2025,ART ASIA WALL TILES-2460- 12*18 (L),1.0,ART ASIA WALL TILES-2460- 12*18 (L),Uncategorized,Generic,,10,100,0.0,Active,0.0,
337.0,01-04-2025,ART ASIA WALL TILES-3045- 12*18 (D),3.0,ART ASIA WALL TILES-3045- 12*18 (D),Uncategorized,Generic,,10,100,0.0,Active,0.0,
338.0,01-04-2025,ART ASIA WALL TILES-3045- 12*18 (HL-1),18.0,ART ASIA WALL TILES-3045- 12*18 (HL-1),Uncategorized,Generic,,10,100,0.0,Active,0.0,
339.0,01-04-2025,ART ASIA WALL TILES-3045- 12*18 (L),105.0,ART ASIA WALL TILES-3045- 12*18 (L),Uncategorized,Generic,,10,100,0.0,Active,0.0,
340.0,01-04-2025,ART ASIA WALL TILES-3066- 12*18 (HL-2),4.0,ART ASIA WALL TILES-3066- 12*18 (HL-2),Uncategorized,Generic,,10,100,0.0,Active,0.0,
341.0,01-04-2025,ART ASIA WALL TILES-3066- 12*18 (L),7.0,ART ASIA WALL TILES-3066- 12*18 (L),Uncategorized,Generic,,10,100,0.0,Active,0.0,
342.0,01-04-2025,ART ASIA WALL TILES-3080- 12*18 (D),48.0,ART ASIA WALL TILES-3080- 12*18 (D),Uncategorized,Generic,,10,100,0.0,Active,0.0,
343.0,01-04-2025,ART ASIA WALL TILES-3080- 12*18 (L),2.0,ART ASIA WALL TILES-3080- 12*18 (L),Uncategorized,Generic,,10,100,0.0,Active,0.0,
344.0,01-04-2025,ART ASIA WALL TILES-3089- 12*18 (D),24.0,ART ASIA WALL TILES-3089- 12*18 (D),Uncategorized,Generic,,10,100,0.0,Active,0.0,
345.0,01-04-2025,ART ASIA WALL TILES-3089- 12*18 (HL-1),22.0,ART ASIA WALL TILES-3089- 12*18 (HL-1),Uncategorized,Generic,,10,100,0.0,Active,0.0,
346.0,01-04-2025,ART ASIA WALL TILES-3089- 12*18 (HL-2),20.0,ART ASIA WALL TILES-3089- 12*18 (HL-2),Uncategorized,Generic,,10,100,0.0,Active,0.0,
347.0,01-04-2025,ART ASIA WALL TILES - 3102 (D),2.0,ART ASIA WALL TILES - 3102 (D),Uncategorized,Generic,,10,100,0.0,Active,0.0,
348.0,01-04-2025,ART ASIA WALL TILES - 7042 (E),3.0,ART ASIA WALL TILES - 7042 (E),Uncategorized,Generic,,10,100,0.0,Active,0.0,
349.0,01-04-2025,ART ASIA WALL TILES-DC-110- 12*18 (D),8.0,ART ASIA WALL TILES-DC-110- 12*18 (D),Uncategorized,Generic,,10,100,0.0,Active,0.0,
350.0,01-04-2025,ART ASIA WALL TILES-DC-110- 12*18 (HL-1),1.0,ART ASIA WALL TILES-DC-110- 12*18 (HL-1),Uncategorized,Generic,,10,100,0.0,Active,0.0,
351.0,01-04-2025,ART ASIA WALL TILES-DC-110- 12*18 (L),13.0,ART ASIA WALL TILES-DC-110- 12*18 (L),Uncategorized,Generic,,10,100,0.0,Active,0.0,
352.0,01-04-2025,ART ASIA WALL TILES-DC-116- 12*18 (D),8.0,ART ASIA WALL TILES-DC-116- 12*18 (D),Uncategorized,Generic,,10,100,0.0,Active,0.0,
353.0,01-04-2025,ART ASIA WALL TILES-DC-116- 12*18 (HL-1),27.0,ART ASIA WALL TILES-DC-116- 12*18 (HL-1),Uncategorized,Generic,,10,100,0.0,Active,0.0,
354.0,01-04-2025,ART ASIA WALL TILES-DC-116- 12*18 (L),8.0,ART ASIA WALL TILES-DC-116- 12*18 (L),Uncategorized,Generic,,10,100,0.0,Active,0.0,
355.0,01-04-2025,Ash Dc,93.0,Ash Dc,Uncategorized,Generic,,10,100,0.0,Active,0.0,
356.0,01-04-2025,BASKIN WHITE - PGVT- 24*24- PRE.,43.0,BASKIN WHITE - PGVT- 24*24- PRE.,Uncategorized,Generic,,10,100,0.0,Active,0.0,
357.0,01-04-2025,BLACK,23.0,BLACK,Uncategorized,Generic,,10,100,0.0,Active,0.0,
358.0,01-04-2025,Black Dc,31.0,Black Dc,Uncategorized,Generic,,10,100,0.0,Active,0.0,
359.0,01-04-2025,BLACK ROSE SUPER HG 2X4 PRE,1.0,BLACK ROSE SUPER HG 2X4 PRE,Uncategorized,Generic,,10,100,0.0,Active,0.0,
360.0,01-04-2025,BLESSAN WHITE -PGVT- 24*48,42.0,BLESSAN WHITE -PGVT- 24*48,Uncategorized,Generic,,10,100,0.0,Active,0.0,
361.0,01-04-2025,Brilliant White 2x4,10.0,Brilliant White 2x4,Uncategorized,Generic,,10,100,0.0,Active,0.0,
362.0,01-04-2025,BRILLO IVORY GOLD,5.0,BRILLO IVORY GOLD,Uncategorized,Generic,,10,100,0.0,Active,0.0,
363.0,01-04-2025,BULGARI GREY 2X4,3.0,BULGARI GREY 2X4,Uncategorized,Generic,,10,100,0.0,Active,0.0,
364.0,01-04-2025,CARDIO WHITE 16X16 PRE,5.0,CARDIO WHITE 16X16 PRE,Uncategorized,Generic,,10,100,0.0,Active,0.0,
365.0,01-04-2025,CASTAL WHITE 2X4 PRE,15.0,CASTAL WHITE 2X4 PRE,Uncategorized,Generic,,10,100,0.0,Active,0.0,
366.0,01-04-2025,Cava 101 No.,3.0,Cava 101 No.,Uncategorized,Generic,,10,100,0.0,Active,0.0,
367.0,01-04-2025,Cefone EL-5031 12x18,141.0,Cefone EL-5031 12x18,Uncategorized,Generic,,10,100,0.0,Active,0.0,
368.0,01-04-2025,Cefone EL-5112 12x18,32.0,Cefone EL-5112 12x18,Uncategorized,Generic,,10,100,0.0,Active,0.0,
369.0,01-04-2025,Cefone EL-5238 12x18,3.0,Cefone EL-5238 12x18,Uncategorized,Generic,,10,100,0.0,Active,0.0,
370.0,01-04-2025,Cefone Plain White 12x18,180.0,Cefone Plain White 12x18,Uncategorized,Generic,,10,100,0.0,Active,0.0,
371.0,01-04-2025,Cefone White Mate 12x12,1.0,Cefone White Mate 12x12,Uncategorized,Generic,,10,100,0.0,Active,0.0,
372.0,01-04-2025,Chex Reon Black,24.0,Chex Reon Black,Uncategorized,Generic,,10,100,0.0,Active,0.0,
373.0,01-04-2025,CLASSIC CARRARA 2X4,66.0,CLASSIC CARRARA 2X4,Uncategorized,Generic,,10,100,0.0,Active,0.0,
374.0,01-04-2025,Cloud Exotic Choco,1.0,Cloud Exotic Choco,Uncategorized,Generic,,10,100,0.0,Active,0.0,
375.0,01-04-2025,Cloud Exotic Crema,5.0,Cloud Exotic Crema,Uncategorized,Generic,,10,100,0.0,Active,0.0,
376.0,01-04-2025,Coffee Dc,100.0,Coffee Dc,Uncategorized,Generic,,10,100,0.0,Active,0.0,
377.0,01-04-2025,COLBY PISTA -D.CHARGE- 24*24,1.0,COLBY PISTA -D.CHARGE- 24*24,Uncategorized,Generic,,10,100,0.0,Active,0.0,
378.0,01-04-2025,CORINTO BLUE 2X4,10.0,CORINTO BLUE 2X4,Uncategorized,Generic,,10,100,0.0,Active,0.0,
379.0,01-04-2025,COSMIC BLACK -PGVT- 24*48,37.0,COSMIC BLACK -PGVT- 24*48,Uncategorized,Generic,,10,100,0.0,Active,0.0,
380.0,01-04-2025,COYATE BROWN -PGVT- 24*48,8.0,COYATE BROWN -PGVT- 24*48,Uncategorized,Generic,,10,100,0.0,Active,0.0,
381.0,01-04-2025,COYATE NERO -PGVT- 24*48,22.0,COYATE NERO -PGVT- 24*48,Uncategorized,Generic,,10,100,0.0,Active,0.0,
382.0,01-04-2025,CRITICA SILVER 2X4,9.0,CRITICA SILVER 2X4,Uncategorized,Generic,,10,100,0.0,Active,0.0,
383.0,01-04-2025,CULCUTTA GOLD -PGVT- 24*24,45.0,CULCUTTA GOLD -PGVT- 24*24,Uncategorized,Generic,,10,100,0.0,Active,0.0,
384.0,01-04-2025,DESERT BIRCH AZUL PARK.TILES 16*16,29.0,DESERT BIRCH AZUL PARK.TILES 16*16,Uncategorized,Generic,,10,100,0.0,Active,0.0,
385.0,01-04-2025,DESERT BIRCH WHITE PARK.TILES 16*16,54.0,DESERT BIRCH WHITE PARK.TILES 16*16,Uncategorized,Generic,,10,100,0.0,Active,0.0,
386.0,01-04-2025,DESERT ROYAL BIANCO 16X16 PRE,35.0,DESERT ROYAL BIANCO 16X16 PRE,Uncategorized,Generic,,10,100,0.0,Active,0.0,
387.0,01-04-2025,Dimond Arden,24.0,Dimond Arden,Uncategorized,Generic,,10,100,0.0,Active,0.0,
388.0,01-04-2025,EL-100 MATE -WALL TILES- 12*18,96.0,EL-100 MATE -WALL TILES- 12*18,Uncategorized,Generic,,10,100,0.0,Active,0.0,
389.0,01-04-2025,EL-135 -WALL TILES- 12*18,75.0,EL-135 -WALL TILES- 12*18,Uncategorized,Generic,,10,100,0.0,Active,0.0,
390.0,01-04-2025,EL-34 -WALL TILES- 12*18,44.0,EL-34 -WALL TILES- 12*18,Uncategorized,Generic,,10,100,0.0,Active,0.0,
391.0,01-04-2025,EL-360 -WALL TILES- 12*18,9.0,EL-360 -WALL TILES- 12*18,Uncategorized,Generic,,10,100,0.0,Active,0.0,
392.0,01-04-2025,EL-8418 -WALL TILES- 12*18,3.0,EL-8418 -WALL TILES- 12*18,Uncategorized,Generic,,10,100,0.0,Active,0.0,
393.0,01-04-2025,EL-85 -WALL TILES- 12*18,12.0,EL-85 -WALL TILES- 12*18,Uncategorized,Generic,,10,100,0.0,Active,0.0,
394.0,01-04-2025,ELENZA BIANCO,49.0,ELENZA BIANCO,Uncategorized,Generic,,10,100,0.0,Active,0.0,
395.0,01-04-2025,ESSENCE ONYX 2X2 PRE,97.0,ESSENCE ONYX 2X2 PRE,Uncategorized,Generic,,10,100,0.0,Active,0.0,
396.0,01-04-2025,FANTA ORANGE WALL TILES 12*18,60.0,FANTA ORANGE WALL TILES 12*18,Uncategorized,Generic,,10,100,0.0,Active,0.0,
397.0,01-04-2025,FINE MARMOLA NATURAL,69.0,FINE MARMOLA NATURAL,Uncategorized,Generic,,10,100,0.0,Active,0.0,
398.0,01-04-2025,FIRE CRACKER 2X2 PRE,61.0,FIRE CRACKER 2X2 PRE,Uncategorized,Generic,,10,100,0.0,Active,0.0,
399.0,01-04-2025,FLORITA GREY -PGVT- 24*24 - PRE.,1.0,FLORITA GREY -PGVT- 24*24 - PRE.,Uncategorized,Generic,,10,100,0.0,Active,0.0,
400.0,01-04-2025,FROSTY BROWN - END 2X4,40.0,FROSTY BROWN - END 2X4,Uncategorized,Generic,,10,100,0.0,Active,0.0,
401.0,01-04-2025,FROSTY CREMA - END 2X4,52.0,FROSTY CREMA - END 2X4,Uncategorized,Generic,,10,100,0.0,Active,0.0,
402.0,01-04-2025,FROSTY SILVER END 2X4,23.0,FROSTY SILVER END 2X4,Uncategorized,Generic,,10,100,0.0,Active,0.0,
403.0,01-04-2025,Galaxy Black D,6.0,Galaxy Black D,Uncategorized,Generic,,10,100,0.0,Active,0.0,
404.0,01-04-2025,Galaxy Green-D 2x2 DC Pre,26.0,Galaxy Green-D 2x2 DC Pre,Uncategorized,Generic,,10,100,0.0,Active,0.0,
405.0,01-04-2025,Galaxy White 2x2 D.Charge STD,1.0,Galaxy White 2x2 D.Charge STD,Uncategorized,Generic,,10,100,0.0,Active,0.0,
406.0,01-04-2025,Gargiya Gold Pre,5.0,Gargiya Gold Pre,Uncategorized,Generic,,10,100,0.0,Active,0.0,
407.0,01-04-2025,GREEN,50.0,GREEN,Uncategorized,Generic,,10,100,0.0,Active,0.0,
408.0,01-04-2025,HD 50205,34.0,HD 50205,Uncategorized,Generic,,10,100,0.0,Active,0.0,
409.0,01-04-2025,HD-51703-517 12*18 HD SECOORA,79.0,HD-51703-517 12*18 HD SECOORA,Uncategorized,Generic,,10,100,0.0,Active,0.0,
410.0,01-04-2025,IMPERIAL ONYX -PGVT- 24*24 - PRE.,2.0,IMPERIAL ONYX -PGVT- 24*24 - PRE.,Uncategorized,Generic,,10,100,0.0,Active,0.0,
411.0,01-04-2025,"INFINITY BROWN-HG 2X4 PRE,",44.0,"INFINITY BROWN-HG 2X4 PRE,",Uncategorized,Generic,,10,100,0.0,Active,0.0,
412.0,01-04-2025,I Statuario 2x4 Gvt,13.0,I Statuario 2x4 Gvt,Uncategorized,Generic,,10,100,0.0,Active,0.0,
413.0,01-04-2025,ITTALIAN BROWN -PGVT- 24*24,3.0,ITTALIAN BROWN -PGVT- 24*24,Uncategorized,Generic,,10,100,0.0,Active,0.0,
414.0,01-04-2025,LAURENT BLUE -PGVT- 24*48,16.0,LAURENT BLUE -PGVT- 24*48,Uncategorized,Generic,,10,100,0.0,Active,0.0,
415.0,01-04-2025,LAVAGNA BIANCO 16X16 PRE,4.0,LAVAGNA BIANCO 16X16 PRE,Uncategorized,Generic,,10,100,0.0,Active,0.0,
416.0,01-04-2025,LAVAGNA NERO 16X16 PRE,2.0,LAVAGNA NERO 16X16 PRE,Uncategorized,Generic,,10,100,0.0,Active,0.0,
417.0,01-04-2025,Lavanga Choco 16x16,4.0,Lavanga Choco 16x16,Uncategorized,Generic,,10,100,0.0,Active,0.0,
418.0,01-04-2025,LEATHER DIAMONO,1.0,LEATHER DIAMONO,Uncategorized,Generic,,10,100,0.0,Active,0.0,
419.0,01-04-2025,Liner Salow Slate,30.0,Liner Salow Slate,Uncategorized,Generic,,10,100,0.0,Active,0.0,
420.0,01-04-2025,MANCHESTER ANTRE,15.0,MANCHESTER ANTRE,Uncategorized,Generic,,10,100,0.0,Active,0.0,
421.0,01-04-2025,MARTILLO -02,200.0,MARTILLO -02,Uncategorized,Generic,,10,100,0.0,Active,0.0,
422.0,01-04-2025,MARTILLO -05,300.0,MARTILLO -05,Uncategorized,Generic,,10,100,0.0,Active,0.0,
423.0,01-04-2025,MATRIX BLUE - PGVT- 24*24 - PRE.,30.0,MATRIX BLUE - PGVT- 24*24 - PRE.,Uncategorized,Generic,,10,100,0.0,Active,0.0,
424.0,01-04-2025,Midas Bullet 180mm,1.0,Midas Bullet 180mm,Uncategorized,Generic,,10,100,0.0,Active,0.0,
425.0,01-04-2025,Midas Hactor Jet 12'',1.0,Midas Hactor Jet 12'',Uncategorized,Generic,,10,100,0.0,Active,0.0,
426.0,01-04-2025,Midas Hactor Jet 4'',1.0,Midas Hactor Jet 4'',Uncategorized,Generic,,10,100,0.0,Active,0.0,
427.0,01-04-2025,Midas Slim,1.0,Midas Slim,Uncategorized,Generic,,10,100,0.0,Active,0.0,
428.0,01-04-2025,Midas Swift,1.0,Midas Swift,Uncategorized,Generic,,10,100,0.0,Active,0.0,
429.0,01-04-2025,Multi Brown 16x16,3.0,Multi Brown 16x16,Uncategorized,Generic,,10,100,0.0,Active,0.0,
430.0,01-04-2025,NANO-005(P) 194 STD,27.0,NANO-005(P) 194 STD,Uncategorized,Generic,,10,100,0.0,Active,0.0,
431.0,01-04-2025,NANO-10242(P) 223 STD,2.0,NANO-10242(P) 223 STD,Uncategorized,Generic,,10,100,0.0,Active,0.0,
432.0,01-04-2025,NANO-10242(P) 253 STD,7.0,NANO-10242(P) 253 STD,Uncategorized,Generic,,10,100,0.0,Active,0.0,
433.0,01-04-2025,Nano Eden (P),3.0,Nano Eden (P),Uncategorized,Generic,,10,100,0.0,Active,0.0,
434.0,01-04-2025,Nano Gris,13.0,Nano Gris,Uncategorized,Generic,,10,100,0.0,Active,0.0,
435.0,01-04-2025,Nano Homer Beige (P),3.0,Nano Homer Beige (P),Uncategorized,Generic,,10,100,0.0,Active,0.0,
436.0,01-04-2025,Nano Ivory 24*24 Pre.,3.0,Nano Ivory 24*24 Pre.,Uncategorized,Generic,,10,100,0.0,Active,0.0,
437.0,01-04-2025,NANO IVORY VITRIFIED STD. 24*24,12.0,NANO IVORY VITRIFIED STD. 24*24,Uncategorized,Generic,,10,100,0.0,Active,0.0,
438.0,01-04-2025,Nano Orchid,14.0,Nano Orchid,Uncategorized,Generic,,10,100,0.0,Active,0.0,
439.0,01-04-2025,Nano Persa,28.0,Nano Persa,Uncategorized,Generic,,10,100,0.0,Active,0.0,
440.0,01-04-2025,Nano PRE Babariya Gold,15.0,Nano PRE Babariya Gold,Uncategorized,Generic,,10,100,0.0,Active,0.0,
441.0,01-04-2025,Nano Rivera Blue,10.0,Nano Rivera Blue,Uncategorized,Generic,,10,100,0.0,Active,0.0,
442.0,01-04-2025,NANO-RIVO(P) 303 STD,10.0,NANO-RIVO(P) 303 STD,Uncategorized,Generic,,10,100,0.0,Active,0.0,
443.0,01-04-2025,Nano R. Sand,1.0,Nano R. Sand,Uncategorized,Generic,,10,100,0.0,Active,0.0,
444.0,01-04-2025,NANO-SB SPLASH-15 STD,1.0,NANO-SB SPLASH-15 STD,Uncategorized,Generic,,10,100,0.0,Active,0.0,
445.0,01-04-2025,Nano Stilo,4.0,Nano Stilo,Uncategorized,Generic,,10,100,0.0,Active,0.0,
446.0,01-04-2025,Nano Vinear (P),5.0,Nano Vinear (P),Uncategorized,Generic,,10,100,0.0,Active,0.0,
447.0,01-04-2025,NEOMI GREY 2X4 PRE,7.0,NEOMI GREY 2X4 PRE,Uncategorized,Generic,,10,100,0.0,Active,0.0,
448.0,01-04-2025,NERO PICASSO SUPER HG 2X4 PRE,47.0,NERO PICASSO SUPER HG 2X4 PRE,Uncategorized,Generic,,10,100,0.0,Active,0.0,
449.0,01-04-2025,OLIVE BRASS -PGVT- 24*48,46.0,OLIVE BRASS -PGVT- 24*48,Uncategorized,Generic,,10,100,0.0,Active,0.0,
450.0,01-04-2025,ORAM GREY 2X4 PRE,4.0,ORAM GREY 2X4 PRE,Uncategorized,Generic,,10,100,0.0,Active,0.0,
451.0,01-04-2025,ORANGE,53.0,ORANGE,Uncategorized,Generic,,10,100,0.0,Active,0.0,
452.0,01-04-2025,ORBIT MERCURY ORANGE PARK.TILES 16*16,1.0,ORBIT MERCURY ORANGE PARK.TILES 16*16,Uncategorized,Generic,,10,100,0.0,Active,0.0,
453.0,01-04-2025,Pain Ivory 12x12 Secoora,99.0,Pain Ivory 12x12 Secoora,Uncategorized,Generic,,10,100,0.0,Active,0.0,
454.0,01-04-2025,PAVER COBALT PARK.TILES 16*16,48.0,PAVER COBALT PARK.TILES 16*16,Uncategorized,Generic,,10,100,0.0,Active,0.0,
455.0,01-04-2025,Pista Dc,86.0,Pista Dc,Uncategorized,Generic,,10,100,0.0,Active,0.0,
456.0,01-04-2025,PLAIN BLACK 12*24 - SECOORA,2.0,PLAIN BLACK 12*24 - SECOORA,Uncategorized,Generic,,10,100,0.0,Active,0.0,
457.0,01-04-2025,PLAIN WHITE 12*12 SECOORA,106.0,PLAIN WHITE 12*12 SECOORA,Uncategorized,Generic,,10,100,0.0,Active,0.0,
458.0,01-04-2025,PLAIN WHITE 2X4,22.0,PLAIN WHITE 2X4,Uncategorized,Generic,,10,100,0.0,Active,0.0,
459.0,01-04-2025,PLAIN WHITE -FLOOR TILES- 12*12 (F),3.0,PLAIN WHITE -FLOOR TILES- 12*12 (F),Uncategorized,Generic,,10,100,0.0,Active,0.0,
460.0,01-04-2025,PLAIN WHITE -WALL TILES- 12*18 Styllen,13.0,PLAIN WHITE -WALL TILES- 12*18 Styllen,Uncategorized,Generic,,10,100,0.0,Active,0.0,
461.0,01-04-2025,PULPIS GREY 2X4 PRE,27.0,PULPIS GREY 2X4 PRE,Uncategorized,Generic,,10,100,0.0,Active,0.0,
462.0,01-04-2025,PULSIP WHITE 24*48,1.0,PULSIP WHITE 24*48,Uncategorized,Generic,,10,100,0.0,Active,0.0,
463.0,01-04-2025,PULSIP WHITE -PGVT- 24*24,7.0,PULSIP WHITE -PGVT- 24*24,Uncategorized,Generic,,10,100,0.0,Active,0.0,
464.0,01-04-2025,Red Wain Onyx 2x4,20.0,Red Wain Onyx 2x4,Uncategorized,Generic,,10,100,0.0,Active,0.0,
465.0,01-04-2025,REFLECTA PLATINUM -PGVT- 24*24 - PRE.,4.0,REFLECTA PLATINUM -PGVT- 24*24 - PRE.,Uncategorized,Generic,,10,100,0.0,Active,0.0,
466.0,01-04-2025,Rich Black 2x2,9.0,Rich Black 2x2,Uncategorized,Generic,,10,100,0.0,Active,0.0,
467.0,01-04-2025,Rock Consa Grey,9.0,Rock Consa Grey,Uncategorized,Generic,,10,100,0.0,Active,0.0,
468.0,01-04-2025,ROSALIYA CREMA 2X4 PRE.,1.0,ROSALIYA CREMA 2X4 PRE.,Uncategorized,Generic,,10,100,0.0,Active,0.0,
469.0,01-04-2025,Rosaliya Gold 2x4,1.0,Rosaliya Gold 2x4,Uncategorized,Generic,,10,100,0.0,Active,0.0,
470.0,01-04-2025,ROYAL PINKI,36.0,ROYAL PINKI,Uncategorized,Generic,,10,100,0.0,Active,0.0,
471.0,01-04-2025,Saint Laurent 2x4,13.0,Saint Laurent 2x4,Uncategorized,Generic,,10,100,0.0,Active,0.0,
472.0,01-04-2025,Sandi Dc,18.0,Sandi Dc,Uncategorized,Generic,,10,100,0.0,Active,0.0,
473.0,01-04-2025,SELVE ONYX GOLD -PGVT- 24*48,32.0,SELVE ONYX GOLD -PGVT- 24*48,Uncategorized,Generic,,10,100,0.0,Active,0.0,
474.0,01-04-2025,SHINE CREMA -PGVT- 24*24,35.0,SHINE CREMA -PGVT- 24*24,Uncategorized,Generic,,10,100,0.0,Active,0.0,
475.0,01-04-2025,Silica White 2x2,5.0,Silica White 2x2,Uncategorized,Generic,,10,100,0.0,Active,0.0,
476.0,01-04-2025,SILVER ONYX 2X2 PRE.,45.0,SILVER ONYX 2X2 PRE.,Uncategorized,Generic,,10,100,0.0,Active,0.0,
477.0,01-04-2025,SMOKE STUARIO -PGVT- 24*24 - PRE.,2.0,SMOKE STUARIO -PGVT- 24*24 - PRE.,Uncategorized,Generic,,10,100,0.0,Active,0.0,
478.0,01-04-2025,SNOW WHITE -PGVT- 24*24,30.0,SNOW WHITE -PGVT- 24*24,Uncategorized,Generic,,10,100,0.0,Active,0.0,
479.0,01-04-2025,Sparkle Granic Bianco 16x16,82.0,Sparkle Granic Bianco 16x16,Uncategorized,Generic,,10,100,0.0,Active,0.0,
480.0,01-04-2025,Sparkle Granic Choco 16x16,66.0,Sparkle Granic Choco 16x16,Uncategorized,Generic,,10,100,0.0,Active,0.0,
481.0,01-04-2025,Sparkle Granic Ivory 16x16,10.0,Sparkle Granic Ivory 16x16,Uncategorized,Generic,,10,100,0.0,Active,0.0,
482.0,01-04-2025,Sparkle Granic Nero 16x16,80.0,Sparkle Granic Nero 16x16,Uncategorized,Generic,,10,100,0.0,Active,0.0,
483.0,01-04-2025,SP BLUE,49.0,SP BLUE,Uncategorized,Generic,,10,100,0.0,Active,0.0,
484.0,01-04-2025,SPIRAL CHOCO -PGVT- 24*48,1.0,SPIRAL CHOCO -PGVT- 24*48,Uncategorized,Generic,,10,100,0.0,Active,0.0,
485.0,01-04-2025,SP RED,79.0,SP RED,Uncategorized,Generic,,10,100,0.0,Active,0.0,
486.0,01-04-2025,STAGNONE BLUE -PGVT- 24*24,15.0,STAGNONE BLUE -PGVT- 24*24,Uncategorized,Generic,,10,100,0.0,Active,0.0,
487.0,01-04-2025,STATURIO MARBLE -PGVT- 24*48,5.0,STATURIO MARBLE -PGVT- 24*48,Uncategorized,Generic,,10,100,0.0,Active,0.0,
488.0,01-04-2025,Stilwell Statuario 2x4 Gvt,2.0,Stilwell Statuario 2x4 Gvt,Uncategorized,Generic,,10,100,0.0,Active,0.0,
489.0,01-04-2025,SUPER BLACK 24*48,5.0,SUPER BLACK 24*48,Uncategorized,Generic,,10,100,0.0,Active,0.0,
490.0,01-04-2025,SUPER WHITE CEFONE,7.0,SUPER WHITE CEFONE,Uncategorized,Generic,,10,100,0.0,Active,0.0,
491.0,01-04-2025,TG Silver 1kg Ivory,3.0,TG Silver 1kg Ivory,Uncategorized,Generic,,10,100,0.0,Active,0.0,
492.0,01-04-2025,TG Silver 1kg White,7.0,TG Silver 1kg White,Uncategorized,Generic,,10,100,0.0,Active,0.0,
493.0,01-04-2025,THUNDER BOLD -PGVT- 24*24,47.0,THUNDER BOLD -PGVT- 24*24,Uncategorized,Generic,,10,100,0.0,Active,0.0,
494.0,01-04-2025,THUNDER BRONZE -PGVT- 24*24 - PRE.,14.0,THUNDER BRONZE -PGVT- 24*24 - PRE.,Uncategorized,Generic,,10,100,0.0,Active,0.0,
495.0,01-04-2025,Tiles Cleaner 1ltr,1.0,Tiles Cleaner 1ltr,Uncategorized,Generic,,10,100,0.0,Active,0.0,
496.0,01-04-2025,W-51120 -F 12*12 SECOORA,57.0,W-51120 -F 12*12 SECOORA,Uncategorized,Generic,,10,100,0.0,Active,0.0,
497.0,01-04-2025,W-51195-F 12*12 SECOORA,30.0,W-51195-F 12*12 SECOORA,Uncategorized,Generic,,10,100,0.0,Active,0.0,
498.0,01-04-2025,W-51342 -F 12*12 SECOORA,6.0,W-51342 -F 12*12 SECOORA,Uncategorized,Generic,,10,100,0.0,Active,0.0,
499.0,01-04-2025,W-51402-F 12*12 SECOORA,53.0,W-51402-F 12*12 SECOORA,Uncategorized,Generic,,10,100,0.0,Active,0.0,
500.0,01-04-2025,W-51745 F 300X300 SECOORA,19.0,W-51745 F 300X300 SECOORA,Uncategorized,Generic,,10,100,0.0,Active,0.0,
501.0,01-04-2025,W-51798 (F) 12*12 SECOORA,1.0,W-51798 (F) 12*12 SECOORA,Uncategorized,Generic,,10,100,0.0,Active,0.0,
502.0,01-04-2025,W-52136-F 12*12 SECOORA,30.0,W-52136-F 12*12 SECOORA,Uncategorized,Generic,,10,100,0.0,Active,0.0,
503.0,01-04-2025,W-AQUA -F 12*12 SECOORA,28.0,W-AQUA -F 12*12 SECOORA,Uncategorized,Generic,,10,100,0.0,Active,0.0,
504.0,01-04-2025,WHITE 12X12 F,50.0,WHITE 12X12 F,Uncategorized,Generic,,10,100,0.0,Active,0.0,
505.0,01-04-2025,White Dc,34.0,White Dc,Uncategorized,Generic,,10,100,0.0,Active,0.0,
506.0,01-04-2025,WINDSON PARK.TILES -7105- 16*16,8.0,WINDSON PARK.TILES -7105- 16*16,Uncategorized,Generic,,10,100,0.0,Active,0.0,
507.0,01-04-2025,WINDSON PARK.TILES -7143- 16*16,23.0,WINDSON PARK.TILES -7143- 16*16,Uncategorized,Generic,,10,100,0.0,Active,0.0,
508.0,01-04-2025,WSM- 113 300X300 SECOORA,6.0,WSM- 113 300X300 SECOORA,Uncategorized,Generic,,10,100,0.0,Active,0.0,
509.0,01-04-2025,WSM- 113 D-P 450X300 SECOORA,10.0,WSM- 113 D-P 450X300 SECOORA,Uncategorized,Generic,,10,100,0.0,Active,0.0,
510.0,01-04-2025,WSM- 113 L-P 450X300 SECOORA,55.0,WSM- 113 L-P 450X300 SECOORA,Uncategorized,Generic,,10,100,0.0,Active,0.0,
511.0,01-04-2025,WSM-268 AQUA D-S23 450X300 SECOORA,8.0,WSM-268 AQUA D-S23 450X300 SECOORA,Uncategorized,Generic,,10,100,0.0,Active,0.0,
512.0,01-04-2025,WSM 268 AQUA HL-S157 450X300 SECOORA,3.0,WSM 268 AQUA HL-S157 450X300 SECOORA,Uncategorized,Generic,,10,100,0.0,Active,0.0,
513.0,01-04-2025,WSM 268 AQUA L-S23 450X300 SECOORA,40.0,WSM 268 AQUA L-S23 450X300 SECOORA,Uncategorized,Generic,,10,100,0.0,Active,0.0,
514.0,01-04-2025,WSM-502 (HL-1)P 18*12 SECOORA,28.0,WSM-502 (HL-1)P 18*12 SECOORA,Uncategorized,Generic,,10,100,0.0,Active,0.0,
515.0,01-04-2025,WSM-502 (HL-4)P 18*12 SECOORA,20.0,WSM-502 (HL-4)P 18*12 SECOORA,Uncategorized,Generic,,10,100,0.0,Active,0.0,
516.0,01-04-2025,WSM-502 (L)P 18*12 SECOORA,95.0,WSM-502 (L)P 18*12 SECOORA,Uncategorized,Generic,,10,100,0.0,Active,0.0,
517.0,01-04-2025,WSM-51120-DP 12*18 SECOORA,28.0,WSM-51120-DP 12*18 SECOORA,Uncategorized,Generic,,10,100,0.0,Active,0.0,
518.0,01-04-2025,WSM-51120-HL-AP 12*18 SECOORA,13.0,WSM-51120-HL-AP 12*18 SECOORA,Uncategorized,Generic,,10,100,0.0,Active,0.0,
519.0,01-04-2025,WSM-51120-HL-BP 12*18 SECOORA,13.0,WSM-51120-HL-BP 12*18 SECOORA,Uncategorized,Generic,,10,100,0.0,Active,0.0,
520.0,01-04-2025,WSM-51120-LP 12*18 SECOORA,32.0,WSM-51120-LP 12*18 SECOORA,Uncategorized,Generic,,10,100,0.0,Active,0.0,
521.0,01-04-2025,WSM-51195 (D) 2S 18*12 SECOORA,12.0,WSM-51195 (D) 2S 18*12 SECOORA,Uncategorized,Generic,,10,100,0.0,Active,0.0,
522.0,01-04-2025,WSM-51195 (L)2S 18*12 SECOORA,2.0,WSM-51195 (L)2S 18*12 SECOORA,Uncategorized,Generic,,10,100,0.0,Active,0.0,
523.0,01-04-2025,WSM 51342 -D S218 12*18 SECOORA,5.0,WSM 51342 -D S218 12*18 SECOORA,Uncategorized,Generic,,10,100,0.0,Active,0.0,
524.0,01-04-2025,WSM 51342 HL-1 S218 12*18 SECOORA,27.0,WSM 51342 HL-1 S218 12*18 SECOORA,Uncategorized,Generic,,10,100,0.0,Active,0.0,
525.0,01-04-2025,WSM 51342 L-S218 12*18 SECOORA,7.0,WSM 51342 L-S218 12*18 SECOORA,Uncategorized,Generic,,10,100,0.0,Active,0.0,
526.0,01-04-2025,WSM-51402-DP 12*18 SECOORA,8.0,WSM-51402-DP 12*18 SECOORA,Uncategorized,Generic,,10,100,0.0,Active,0.0,
527.0,01-04-2025,WSM-51402-HL-1 S229 12*18 SECOORA,64.0,WSM-51402-HL-1 S229 12*18 SECOORA,Uncategorized,Generic,,10,100,0.0,Active,0.0,
528.0,01-04-2025,WSM-51402 (HL-2) 2S 18*12 SECOORA,31.0,WSM-51402 (HL-2) 2S 18*12 SECOORA,Uncategorized,Generic,,10,100,0.0,Active,0.0,
529.0,01-04-2025,WSM-51402-LP 12*18 SECOORA,27.0,WSM-51402-LP 12*18 SECOORA,Uncategorized,Generic,,10,100,0.0,Active,0.0,
530.0,01-04-2025,WSM-51461-D-S31 12*18 SECOORA,17.0,WSM-51461-D-S31 12*18 SECOORA,Uncategorized,Generic,,10,100,0.0,Active,0.0,
531.0,01-04-2025,WSM-51461-HL-2 S31 12*18 SECOORA,44.0,WSM-51461-HL-2 S31 12*18 SECOORA,Uncategorized,Generic,,10,100,0.0,Active,0.0,
532.0,01-04-2025,WSM-51461-L S31 12*18 SECOORA,73.0,WSM-51461-L S31 12*18 SECOORA,Uncategorized,Generic,,10,100,0.0,Active,0.0,
533.0,01-04-2025,WSM-51477-HL-1 S223 12*18 SECOORA,23.0,WSM-51477-HL-1 S223 12*18 SECOORA,Uncategorized,Generic,,10,100,0.0,Active,0.0,
534.0,01-04-2025,WSM-51477-LP 12*18 SECOORA,32.0,WSM-51477-LP 12*18 SECOORA,Uncategorized,Generic,,10,100,0.0,Active,0.0,
535.0,01-04-2025,WSM-51657-DP 12*18 SECOORA,16.0,WSM-51657-DP 12*18 SECOORA,Uncategorized,Generic,,10,100,0.0,Active,0.0,
536.0,01-04-2025,WSM-51657-HL-1 S186 12*18 SECOORA,5.0,WSM-51657-HL-1 S186 12*18 SECOORA,Uncategorized,Generic,,10,100,0.0,Active,0.0,
537.0,01-04-2025,WSM-51657-LP 12*18 SECOORA,3.0,WSM-51657-LP 12*18 SECOORA,Uncategorized,Generic,,10,100,0.0,Active,0.0,
538.0,01-04-2025,WSM-51745 D-P 450X300 SECOORA,6.0,WSM-51745 D-P 450X300 SECOORA,Uncategorized,Generic,,10,100,0.0,Active,0.0,
539.0,01-04-2025,WSM -51745 HL-1 S202 450X300 SECOORA,58.0,WSM -51745 HL-1 S202 450X300 SECOORA,Uncategorized,Generic,,10,100,0.0,Active,0.0,
540.0,01-04-2025,WSM-51745 L-P 450X300 SECOORA,65.0,WSM-51745 L-P 450X300 SECOORA,Uncategorized,Generic,,10,100,0.0,Active,0.0,
541.0,01-04-2025,WSM-51798 -DP 12*18 SECOORA,1.0,WSM-51798 -DP 12*18 SECOORA,Uncategorized,Generic,,10,100,0.0,Active,0.0,
542.0,01-04-2025,WSM-51815-HL-1 S256 12*18 SECOORA,26.0,WSM-51815-HL-1 S256 12*18 SECOORA,Uncategorized,Generic,,10,100,0.0,Active,0.0,
543.0,01-04-2025,WSM-51867-HL-1 S249 12*18 SECOORA,5.0,WSM-51867-HL-1 S249 12*18 SECOORA,Uncategorized,Generic,,10,100,0.0,Active,0.0,
544.0,01-04-2025,WSM-51867-LP 12*18 SECOORA,3.0,WSM-51867-LP 12*18 SECOORA,Uncategorized,Generic,,10,100,0.0,Active,0.0,
545.0,01-04-2025,WSM-519 KCH-03-P 18*12 SECOORA,21.0,WSM-519 KCH-03-P 18*12 SECOORA,Uncategorized,Generic,,10,100,0.0,Active,0.0,
546.0,01-04-2025,WSM-52136 D-P 18*12 SECOORA,6.0,WSM-52136 D-P 18*12 SECOORA,Uncategorized,Generic,,10,100,0.0,Active,0.0,
547.0,01-04-2025,WSM-52136 (HL-1) S267 18*12 SECOORA,4.0,WSM-52136 (HL-1) S267 18*12 SECOORA,Uncategorized,Generic,,10,100,0.0,Active,0.0,
548.0,01-04-2025,WSM-529 (D) S181 18*12 SECOORA,16.0,WSM-529 (D) S181 18*12 SECOORA,Uncategorized,Generic,,10,100,0.0,Active,0.0,
549.0,01-04-2025,WSM-529 -F 300X300 SECOORA,59.0,WSM-529 -F 300X300 SECOORA,Uncategorized,Generic,,10,100,0.0,Active,0.0,
550.0,01-04-2025,WSM 529 HL-1 S181 450X300 SECOORA,90.0,WSM 529 HL-1 S181 450X300 SECOORA,Uncategorized,Generic,,10,100,0.0,Active,0.0,
551.0,01-04-2025,WSM-529-KCH-01-S181 18*12 SECOORA,5.0,WSM-529-KCH-01-S181 18*12 SECOORA,Uncategorized,Generic,,10,100,0.0,Active,0.0,
552.0,01-04-2025,WSM-529-KCH-02-S181 18*12 SECOORA,18.0,WSM-529-KCH-02-S181 18*12 SECOORA,Uncategorized,Generic,,10,100,0.0,Active,0.0,
553.0,01-04-2025,WSM-529 L-S181 450X300 SECOORA,60.0,WSM-529 L-S181 450X300 SECOORA,Uncategorized,Generic,,10,100,0.0,Active,0.0,
554.0,01-04-2025,WSM -536-KCH-1 S174 12*18 SECOORA,7.0,WSM -536-KCH-1 S174 12*18 SECOORA,Uncategorized,Generic,,10,100,0.0,Active,0.0,
555.0,01-04-2025,WSM -536 -KCH-3 S174 12*18 SECOORA,15.0,WSM -536 -KCH-3 S174 12*18 SECOORA,Uncategorized,Generic,,10,100,0.0,Active,0.0,
556.0,01-04-2025,WSM -536 -L S174 12*18 SECOORA,21.0,WSM -536 -L S174 12*18 SECOORA,Uncategorized,Generic,,10,100,0.0,Active,0.0,
557.0,01-04-2025,WSM-538-LP 12*18 SECOORA,5.0,WSM-538-LP 12*18 SECOORA,Uncategorized,Generic,,10,100,0.0,Active,0.0,
558.0,01-04-2025,WSM-562-KCH-1 -S182 18*12 SECOORA,14.0,WSM-562-KCH-1 -S182 18*12 SECOORA,Uncategorized,Generic,,10,100,0.0,Active,0.0,
559.0,01-04-2025,WSM-562-KCH-2 -S182 18*12 SECOORA,16.0,WSM-562-KCH-2 -S182 18*12 SECOORA,Uncategorized,Generic,,10,100,0.0,Active,0.0,
560.0,01-04-2025,WSM-562-L-S182 18*12 SECOORA,62.0,WSM-562-L-S182 18*12 SECOORA,Uncategorized,Generic,,10,100,0.0,Active,0.0,
561.0,01-04-2025,WSM-625-D-S219 12*18 SECOORA,5.0,WSM-625-D-S219 12*18 SECOORA,Uncategorized,Generic,,10,100,0.0,Active,0.0,
562.0,01-04-2025,WSM-625-KCH-1 S219 12*18 SECOORA,10.0,WSM-625-KCH-1 S219 12*18 SECOORA,Uncategorized,Generic,,10,100,0.0,Active,0.0,
563.0,01-04-2025,WSM-625-KCH-2 S219 12*18 SECOORA,19.0,WSM-625-KCH-2 S219 12*18 SECOORA,Uncategorized,Generic,,10,100,0.0,Active,0.0,
564.0,01-04-2025,WSM-648-D-S181 18*12 SECOORA,99.0,WSM-648-D-S181 18*12 SECOORA,Uncategorized,Generic,,10,100,0.0,Active,0.0,
565.0,01-04-2025,WSM-648-KCH-1-S181 18*12 SECOORA,24.0,WSM-648-KCH-1-S181 18*12 SECOORA,Uncategorized,Generic,,10,100,0.0,Active,0.0,
566.0,01-04-2025,WSM-648-L -S181 18*12 SECOORA,12.0,WSM-648-L -S181 18*12 SECOORA,Uncategorized,Generic,,10,100,0.0,Active,0.0,
567.0,01-04-2025,WSM -650 D-S31 450X300 SECOORA,52.0,WSM -650 D-S31 450X300 SECOORA,Uncategorized,Generic,,10,100,0.0,Active,0.0,
568.0,01-04-2025,WSM -650 KCH-1 -P 450X300 SECOORA,8.0,WSM -650 KCH-1 -P 450X300 SECOORA,Uncategorized,Generic,,10,100,0.0,Active,0.0,
569.0,01-04-2025,WSM- 675 -KCH-1 -P 12*18 SECOORA,20.0,WSM- 675 -KCH-1 -P 12*18 SECOORA,Uncategorized,Generic,,10,100,0.0,Active,0.0,
570.0,01-04-2025,WSM -675 -KCH-2 -P 12*18 SECOORA,36.0,WSM -675 -KCH-2 -P 12*18 SECOORA,Uncategorized,Generic,,10,100,0.0,Active,0.0,
571.0,01-04-2025,WSM -675 -L -P 12*18 SECOORA,6.0,WSM -675 -L -P 12*18 SECOORA,Uncategorized,Generic,,10,100,0.0,Active,0.0,
572.0,01-04-2025,WSM-G-10299-S41 450X300 SECOORA,1.0,WSM-G-10299-S41 450X300 SECOORA,Uncategorized,Generic,,10,100,0.0,Active,0.0,
573.0,01-04-2025,WSM-G-10339 AL01 12*18 SECOORA,1.0,WSM-G-10339 AL01 12*18 SECOORA,Uncategorized,Generic,,10,100,0.0,Active,0.0,
574.0,01-04-2025,WSM- PLAIN BLACK 12*18 SECOORA,50.0,WSM- PLAIN BLACK 12*18 SECOORA,Uncategorized,Generic,,10,100,0.0,Active,0.0,
575.0,01-04-2025,W-WHITE -F-P- 12*12 KHAKHI PLAIN SECOORA,117.0,W-WHITE -F-P- 12*12 KHAKHI PLAIN SECOORA,Uncategorized,Generic,,10,100,0.0,Active,0.0,
576.0,01-04-2025,W-WHITE MATE -F- 12*12 SECOORA,61.0,W-WHITE MATE -F- 12*12 SECOORA,Uncategorized,Generic,,10,100,0.0,Active,0.0,
577.0,01-04-2025,YELLOW,59.0,YELLOW,Uncategorized,Generic,,10,100,0.0,Active,0.0,
578.0,01-04-2025,Z BLACK 2X4 PRE,28.0,Z BLACK 2X4 PRE,Uncategorized,Generic,,10,100,0.0,Active,0.0,
579.0,01-04-2025,ZEBRONIC NERO -PGVT- 24*24 - PRE.,91.0,ZEBRONIC NERO -PGVT- 24*24 - PRE.,Uncategorized,Generic,,10,100,0.0,Active,0.0,
580.0,01-04-2025,Z/SUPER BLACK -24*24,34.0,Z/SUPER BLACK -24*24,Uncategorized,Generic,,10,100,0.0,Active,0.0,
