S.N,Date,Design NO,Quantity
1,01-04-2025,017 -WALL TILES- 12*18 (F),5 BOX
2,01-04-2025,10003 -WALL TILES- 12*18 (HL-2),29 BOX
3,01-04-2025,10003 -WALL TILES- 12*18 (L),14 BOX
4,01-04-2025,10038 -GVT- 24*24,15 BOX
5,01-04-2025,1005 - 2X2 PRE.,8 BOX
6,01-04-2025,1012 D,31 BOX
7,01-04-2025,1012 F,18 BOX
8,01-04-2025,1012 HL-1,48 BOX
9,01-04-2025,1012 HL-2,50 BOX
10,01-04-2025,1012 L,2 BOX
11,01-04-2025,10160 -GVT- 24*24,8 BOX
12,01-04-2025,10161 GVT 24*24,69 BOX
13,01-04-2025,10170,7 BOX
14,01-04-2025,10175,3 BOX
15,01-04-2025,1066 D,39 BOX
16,01-04-2025,1066 HL,31 BOX
17,01-04-2025,1066 L,45 BOX
18,01-04-2025,1143 D,37 BOX
19,01-04-2025,1143 F,8 BOX
20,01-04-2025,1143 HL-A,2 BOX
21,01-04-2025,1143 HL-B,9 BOX
22,01-04-2025,1143 L,8 BOX
23,01-04-2025,1167 D,89 BOX
24,01-04-2025,1167 HL,82 BOX
25,01-04-2025,1167 L,54 BOX
26,01-04-2025,1172 - D,18 BOX
27,01-04-2025,1172 - F,43 BOX
28,01-04-2025,1172 - L,39 BOX
29,01-04-2025,1195 - F,19 BOX
30,01-04-2025,1195 -L,1 BOX
31,01-04-2025,12036-GVT- 24*24-  PRE.,2 BOX
32,01-04-2025,1263 - F,38 BOX
33,01-04-2025,1263 - HL-1,4 BOX
34,01-04-2025,1263 - L,20 BOX
35,01-04-2025,13002,1 BOX
36,01-04-2025,14017-GVT -24*24 - PRE,23 BOX
37,01-04-2025,15006 -WALL TILES- 12*18 (HL-1),2 BOX
38,01-04-2025,1505,4 BOX
39,01-04-2025,15094,5 BOX
40,01-04-2025,16012,21 BOX
41,01-04-2025,17063 -GVT- 24*24,26 BOX
42,01-04-2025,1752 D,57 BOX
43,01-04-2025,1752 F,42 BOX
44,01-04-2025,1752 HL-1,76 BOX
45,01-04-2025,1752 L,81 BOX
46,01-04-2025,18143-GVT - 24*24 - PRE.,1 BOX
47,01-04-2025,1884 Hl-2,12 BOX
48,01-04-2025,1884 HL-3,10 BOX
49,01-04-2025,1884 L,2 BOX
50,01-04-2025,206 4feet Riser,10 BOX
51,01-04-2025,206 4feet Step Blanding,5 BOX
52,01-04-2025,21128,39 BOX
53,01-04-2025,219- PARK.TILES - 16*16,10 BOX
54,01-04-2025,224 KT-1,5 BOX
55,01-04-2025,224 KT-2,5 BOX
56,01-04-2025,2289 -WALL TILES- 12*18 (D),4 BOX
57,01-04-2025,2289 -WALL TILES- 12*18 (HL-1),2 BOX
58,01-04-2025,2289 -WALL TILES- 12*18 (HL-2),6 BOX
59,01-04-2025,2289 -WALL TILES- 12*18 (L),19 BOX
60,01-04-2025,2336 -WALL TILES- 12*18 (HL-3),9 BOX
61,01-04-2025,2336 -WALL TILES- 12*18 (HL-5),5 BOX
62,01-04-2025,24025,1 BOX
63,01-04-2025,24027,16 BOX
64,01-04-2025,24095,1 BOX
65,01-04-2025,24171,12 BOX
66,01-04-2025,24186,27 BOX
67,01-04-2025,24771,39 BOX
68,01-04-2025,2478 -WALL TILES- 12*18 (D),23 BOX
69,01-04-2025,2478 -WALL TILES- 12*18 (F),2 BOX
70,01-04-2025,2480 -WALL TILES- 12*18 (D),13 BOX
71,01-04-2025,24958,1 BOX
72,01-04-2025,2505  - L,1 BOX
73,01-04-2025,25074,10 BOX
74,01-04-2025,25075 2X2 PRE.,3 BOX
75,01-04-2025,25122 2X2 PRE.,2 BOX
76,01-04-2025,25168 2X2 PRE.,5 BOX
77,01-04-2025,25216,19 BOX
78,01-04-2025,26001,1 BOX
79,01-04-2025,26015,51 BOX
80,01-04-2025,294 - D SECOORA,50 BOX
81,01-04-2025,294 - F SECOORA,48 BOX
82,01-04-2025,294 - HL-2 SECOORA,23 BOX
83,01-04-2025,294 - L SECOORA,8 BOX
84,01-04-2025,3001 Grite 2x4,16 BOX
85,01-04-2025,3004,102 BOX
86,01-04-2025,3008,76 BOX
87,01-04-2025,3025 D,1 BOX
88,01-04-2025,3025 HL-1,17 BOX
89,01-04-2025,3025 HL-2,17 BOX
90,01-04-2025,3025 L,50 BOX
91,01-04-2025,3035 D,49 BOX
92,01-04-2025,3035 HL-1,24 BOX
93,01-04-2025,3035 HL-2,20 BOX
94,01-04-2025,3035 L,50 BOX
95,01-04-2025,3042 -WALL TILES- 12*18 (F),22 BOX
96,01-04-2025,3050 -WALL TILES- 12*18 (D),86 BOX
97,01-04-2025,3050 -WALL TILES- 12*18 (HL-1),2 BOX
98,01-04-2025,3050 -WALL TILES- 12*18 (L),84 BOX
99,01-04-2025,3051 -WALL TILES- 12*18 (F),2 BOX
100,01-04-2025,3071 - D,8 BOX
101,01-04-2025,3071 - HL-1,15 BOX
102,01-04-2025,3084 -PARK.TILES- 12*18 (D),11 BOX
103,01-04-2025,3084 -PARK.TILES- 12*18 (HL-2),6 BOX
104,01-04-2025,3084 -PARK.TILES- 12*18 (L),15 BOX
105,01-04-2025,3091 -WALL TILES- 12*18 (D),72 BOX
106,01-04-2025,3091 -WALL TILES- 12*18 (F),16 BOX
107,01-04-2025,3091 -WALL TILES- 12*18 (HL-1),21 BOX
108,01-04-2025,3091 -WALL TILES- 12*18 (HL-2),17 BOX
109,01-04-2025,3091 -WALL TILES- 12*18 (L),83 BOX
110,01-04-2025,3108 -WALL TILES- 12*18 (D),2 BOX
111,01-04-2025,3108 -WALL TILES- 12*18 (F),38 BOX
112,01-04-2025,3108 -WALL TILES- 12*18 (HL-1),5 BOX
113,01-04-2025,3110 -WALL TILES- 12*18 (F),5 BOX
114,01-04-2025,3190 D,30 BOX
115,01-04-2025,3190 L,24 BOX
116,01-04-2025,3193 HL-1,15 BOX
117,01-04-2025,3193 HL-2,15 BOX
118,01-04-2025,3193 L,77 BOX
119,01-04-2025,3252 - L,3 BOX
120,01-04-2025,34037,17 BOX
121,01-04-2025,3410 -WALL TILES- 12*18 (F),13 BOX
122,01-04-2025,34132,2 BOX
123,01-04-2025,3501 -WALL TILES- 12*18 (D),9 BOX
124,01-04-2025,3501 -WALL TILES- 12*18 (F),22 BOX
125,01-04-2025,35022,11 BOX
126,01-04-2025,3505 -WALL TILES- 12*18 (D),6 BOX
127,01-04-2025,3505 -WALL TILES- 12*18 (F),48 BOX
128,01-04-2025,3505 -WALL TILES- 12*18 (HL-1),10 BOX
129,01-04-2025,3505 -WALL TILES- 12*18 (HL-2),2 BOX
130,01-04-2025,3505 -WALL TILES- 12*18 (L),2 BOX
131,01-04-2025,3547 HL-1,3 BOX
132,01-04-2025,3547 HL-2,17 BOX
133,01-04-2025,3547 L,74 BOX
134,01-04-2025,3559 HL-1,21 BOX
135,01-04-2025,38009,4 BOX
136,01-04-2025,3D ARCADE WHITE -PGVT- 24*24,9 BOX
137,01-04-2025,3D BLACK CUBIC SQUARE -PGVT- 24*24,11 BOX
138,01-04-2025,3D REFLECTA SILVER -PGVT-24*24,14 BOX
139,01-04-2025,3 Feet 159,77 BOX
140,01-04-2025,3 Feet 160,76 BOX
141,01-04-2025,4003,5 BOX
142,01-04-2025,4010 - F,1 BOX
143,01-04-2025,4010 - L,1 BOX
144,01-04-2025,4020 DK,101 BOX
145,01-04-2025,4021,81 BOX
146,01-04-2025,4 Feet 1008,46 BOX
147,01-04-2025,4 Feet F.B. (203),63 BOX
148,01-04-2025,4 Feet F.B. (207),50 BOX
149,01-04-2025,4 Feet SP40,42 BOX
150,01-04-2025,5004,93 BOX
151,01-04-2025,5006,83 BOX
152,01-04-2025,5011 -WALL TILES- 12*18 (L),4 BOX
153,01-04-2025,5031 -WALL TILES- 12*18 (HL-1),10 BOX
154,01-04-2025,5031 -WALL TILES- 12*18 (HL-2),12 BOX
155,01-04-2025,5037 -WALL TILES- 12*18 (D),20 BOX
156,01-04-2025,5038,25 BOX
157,01-04-2025,50408 SECOORA,17 BOX
158,01-04-2025,5052 -WALL TILES- 12*18 (D),1 BOX
159,01-04-2025,5052 -WALL TILES- 12*18 (HL-1),22 BOX
160,01-04-2025,5052 -WALL TILES- 12*18 (HL-2),30 BOX
161,01-04-2025,5053 -WALL TILES- 12*18 (HL-1),10 BOX
162,01-04-2025,5053 -WALL TILES- 12*18 (HL-2),17 BOX
163,01-04-2025,5087 -WALL TILES- 12*18 (HL-2),4 BOX
164,01-04-2025,5087 -WALL TILES- 12*18 (L),8 BOX
165,01-04-2025,511 - KCH-2 SECOORA,23 BOX
166,01-04-2025,51207 - D SECOORA,1 BOX
167,01-04-2025,51207 - F SECOORA,32 BOX
168,01-04-2025,51207 - HL-1,50 BOX
169,01-04-2025,51207 - L SECOORA,62 BOX
170,01-04-2025,51279 - D SECOORA,50 BOX
171,01-04-2025,51279 - F SECOORA,36 BOX
172,01-04-2025,51279 - HL-1 SECOORA,36 BOX
173,01-04-2025,51279 - L SECOORA,84 BOX
174,01-04-2025,51461 (F) 12*12 SECOORA,53 BOX
175,01-04-2025,51477 (F) 12*12 SECOORA,7 BOX
176,01-04-2025,51495 - D SECOORA,58 BOX
177,01-04-2025,51495 - F SECOORA,29 BOX
178,01-04-2025,51495 - L SECOORA,42 BOX
179,01-04-2025,514 - KCH-07 SECOORA,1 BOX
180,01-04-2025,514 - KCH-09 SECOORA,11 BOX
181,01-04-2025,514 - L SECOORA,71 BOX
182,01-04-2025,51657 (F) 12*12 SECOORA,4 BOX
183,01-04-2025,51815 (F) 12*12 SECOORA,30 BOX
184,01-04-2025,51867 (LF) 12*12 SECOORA,5 BOX
185,01-04-2025,51942 -D,5 BOX
186,01-04-2025,51942 - F,26 BOX
187,01-04-2025,51942 HL-1,11 BOX
188,01-04-2025,51942 -L,22 BOX
189,01-04-2025,519 - KCH-1 SECOORA,4 BOX
190,01-04-2025,52572 Secoora - D,1 BOX
191,01-04-2025,52572 Secoora - F,2 BOX
192,01-04-2025,52572 Secoora HL,23 BOX
193,01-04-2025,52572 Secoora - L,26 BOX
194,01-04-2025,52600 - D SECOORA,34 BOX
195,01-04-2025,52600 - F SECOORA,12 BOX
196,01-04-2025,52600 - HL-1 SECOORA,41 BOX
197,01-04-2025,52600 - L SECOORA,30 BOX
198,01-04-2025,52608 -D SECOORA,74 BOX
199,01-04-2025,52608 -F SECOORA,44 BOX
200,01-04-2025,52608 - L SECOORA,74 BOX
201,01-04-2025,52611 - HL-2,2 BOX
202,01-04-2025,55001 2X2 PRE.,31 BOX
203,01-04-2025,550 - KCH-2 SECOORA,4 BOX
204,01-04-2025,553 - KCH-01 SECOORA,3 BOX
205,01-04-2025,6006,114 BOX
206,01-04-2025,600*600 D.Charge Simanto Glaxy Choclate,4 BOX
207,01-04-2025,600*600 D.Charge Simanto Glaxy Marble,2 BOX
208,01-04-2025,600*600 D. Charge Simanto Glaxy Pista,1 BOX
209,01-04-2025,600*600 D.Charge Simanto Glaxy Red,11 BOX
210,01-04-2025,600*600 D.Charge Simanto Glaxy Sandi,1 BOX
211,01-04-2025,600*600 D.Charge Simanto Glaxy White,3 BOX
212,01-04-2025,6017,1 BOX
213,01-04-2025,6020 Mate,35 BOX
214,01-04-2025,6044,8 BOX
215,01-04-2025,6050 Emala Grey,2 BOX
216,01-04-2025,6053,77 BOX
217,01-04-2025,6072,89 BOX
218,01-04-2025,6073,22 BOX
219,01-04-2025,6078,91 BOX
220,01-04-2025,6084,26 BOX
221,01-04-2025,6094,104 BOX
222,01-04-2025,6100,54 BOX
223,01-04-2025,6123,45 BOX
224,01-04-2025,6187 - GVT - 24*24,65 BOX
225,01-04-2025,6518,9 BOX
226,01-04-2025,6531 - D,3 BOX
227,01-04-2025,6531 - F,23 BOX
228,01-04-2025,6531 - L,7 BOX
229,01-04-2025,6539,115 BOX
230,01-04-2025,7008,118 BOX
231,01-04-2025,7012,81 BOX
232,01-04-2025,7024,11 BOX
233,01-04-2025,7036,35 BOX
234,01-04-2025,7065,39 BOX
235,01-04-2025,7067,4 BOX
236,01-04-2025,7076,100 BOX
237,01-04-2025,7086,34 BOX
238,01-04-2025,7104,75 BOX
239,01-04-2025,7114- PARK.TILES- 16*16,21 BOX
240,01-04-2025,7139,121 BOX
241,01-04-2025,7167,65 BOX
242,01-04-2025,7252 -WALL TILES- 12*18 (L),1 BOX
243,01-04-2025,7298 -WALL TILES- 12*18 (D),4 BOX
244,01-04-2025,7298 -WALL TILES- 12*18 (HL-1),10 BOX
245,01-04-2025,7298 -WALL TILES- 12*18 (L),4 BOX
246,01-04-2025,7592 24*24,30 BOX
247,01-04-2025,7685 24*24,5 BOX
248,01-04-2025,8001,108 BOX
249,01-04-2025,8004,44 PCS
250,01-04-2025,8007,2 BOX
251,01-04-2025,8008 NANO VITRIFIED PRE.,13 BOX
252,01-04-2025,8010,52 BOX
253,01-04-2025,8013,6 BOX
254,01-04-2025,8014,127 BOX
255,01-04-2025,8016,16 BOX
256,01-04-2025,8016 NANO VITRIFIED STD.,5 BOX
257,01-04-2025,8018,3 BOX
258,01-04-2025,8021 24*24,30 BOX
259,01-04-2025,8024,2 BOX
260,01-04-2025,8028 - D,114 BOX
261,01-04-2025,8028 - F,27 BOX
262,01-04-2025,8028 - HL1A,9 BOX
263,01-04-2025,8028 - HL1B,2 BOX
264,01-04-2025,8028 - L,35 BOX
265,01-04-2025,8032,3 BOX
266,01-04-2025,8032 2x2,39 BOX
267,01-04-2025,8039,2 BOX
268,01-04-2025,8042,80 BOX
269,01-04-2025,8043,1 BOX
270,01-04-2025,804 Glossy,139 BOX
271,01-04-2025,8076 -PGVT- 24*24,42 BOX
272,01-04-2025,8081,3 BOX
273,01-04-2025,8091,66 BOX
274,01-04-2025,8094,112 BOX
275,01-04-2025,8099,122 BOX
276,01-04-2025,8110 F,31 BOX
277,01-04-2025,8110 HL-1,37 BOX
278,01-04-2025,8110 L,1 BOX
279,01-04-2025,8114 F,12 BOX
280,01-04-2025,8114 HL-1,31 BOX
281,01-04-2025,8114 L,105 BOX
282,01-04-2025,8124 D,52 BOX
283,01-04-2025,8124 F,56 BOX
284,01-04-2025,8124 Hl-1,84 BOX
285,01-04-2025,8124 L,104 BOX
286,01-04-2025,8131 F,53 BOX
287,01-04-2025,8131 HL-1,4 BOX
288,01-04-2025,8131 L,127 BOX
289,01-04-2025,8157 D,3 BOX
290,01-04-2025,8157 F,12 BOX
291,01-04-2025,8157 HL-1,72 BOX
292,01-04-2025,8157 L,90 BOX
293,01-04-2025,8400 D,75 BOX
294,01-04-2025,8400 KT-2,19 BOX
295,01-04-2025,8400 KT-3,14 BOX
296,01-04-2025,8400 L,115 BOX
297,01-04-2025,8481 D,101 BOX
298,01-04-2025,8481 F,51 BOX
299,01-04-2025,8481 Hl-1,102 BOX
300,01-04-2025,8481 L,102 BOX
301,01-04-2025,8502 D,111 BOX
302,01-04-2025,8502 F,70 BOX
303,01-04-2025,8502 HL-1,101 BOX
304,01-04-2025,8502 L,98 BOX
305,01-04-2025,8503 D,103 BOX
306,01-04-2025,8503 F,91 BOX
307,01-04-2025,8503 HL-1,167 BOX
308,01-04-2025,8503 L,90 BOX
309,01-04-2025,8536,3 BOX
310,01-04-2025,9047 -WALL TILES- 12*18 (D),8 BOX
311,01-04-2025,9055 - L,2 BOX
312,01-04-2025,9062 - D,57 BOX
313,01-04-2025,9062 - KT-1,32 BOX
314,01-04-2025,9062 - KT-2,32 BOX
315,01-04-2025,9062 - L,76 BOX
316,01-04-2025,Adage Silver End 2*4 - Pre,6 BOX
317,01-04-2025,Almord Dc,100 BOX
318,01-04-2025,AMAZON CHOCO,2 BOX
319,01-04-2025,AMAZON NERO,15 BOX
320,01-04-2025,AMONZA BLUE -PGVT- 24*24 - PRE.,27 BOX
321,01-04-2025,AQUA BLUE GOLD 2X4,11 BOX
322,01-04-2025,ART ASIA  -2460- 12*12 (F),1 BOX
323,01-04-2025,ART ASIA -8016- F,6 BOX
324,01-04-2025,ART ASIA -8016- HL-1,25 BOX
325,01-04-2025,ART ASIA - DC-111- 12*12 (F),14 BOX
326,01-04-2025,ART ASIA - DC-116- 12*12 (F),3 BOX
327,01-04-2025,ART ASIA WALL TILES - 2144 (D),1 BOX
328,01-04-2025,ART ASIA WALL TILES  - 2144 (F),46 BOX
329,01-04-2025,ART ASIA WALL TILES -  2144 (HL-1),20 BOX
330,01-04-2025,ART ASIA WALL TILES - 2144 (L),1 BOX
331,01-04-2025,ART ASIA WALL TILES-2184- 12*18 (HL-2),2 BOX
332,01-04-2025,ART ASIA WALL TILES - 2436 (F),12 BOX
333,01-04-2025,ART ASIA WALL TILES -2436 (L),12 BOX
334,01-04-2025,ART ASIA WALL TILES-2460- 12*18 (D),1 BOX
335,01-04-2025,ART ASIA WALL TILES-2460- 12*18 (HL-1),6 BOX
336,01-04-2025,ART ASIA WALL TILES-2460- 12*18 (L),1 BOX
337,01-04-2025,ART ASIA WALL TILES-3045- 12*18 (D),3 BOX
338,01-04-2025,ART ASIA WALL TILES-3045- 12*18 (HL-1),18 BOX
339,01-04-2025,ART ASIA WALL TILES-3045- 12*18 (L),105 BOX
340,01-04-2025,ART ASIA WALL TILES-3066- 12*18 (HL-2),4 BOX
341,01-04-2025,ART ASIA WALL TILES-3066- 12*18 (L),7 BOX
342,01-04-2025,ART ASIA WALL TILES-3080- 12*18 (D),48 BOX
343,01-04-2025,ART ASIA WALL TILES-3080- 12*18 (L),2 BOX
344,01-04-2025,ART ASIA WALL TILES-3089- 12*18 (D),24 BOX
345,01-04-2025,ART ASIA WALL TILES-3089- 12*18 (HL-1),22 BOX
346,01-04-2025,ART ASIA WALL TILES-3089- 12*18 (HL-2),20 BOX
347,01-04-2025,ART ASIA WALL TILES - 3102 (D),2 BOX
348,01-04-2025,ART ASIA WALL TILES - 7042 (E),3 BOX
349,01-04-2025,ART ASIA WALL TILES-DC-110- 12*18 (D),8 BOX
350,01-04-2025,ART ASIA WALL TILES-DC-110- 12*18 (HL-1),1 BOX
351,01-04-2025,ART ASIA WALL TILES-DC-110- 12*18 (L),13 BOX
352,01-04-2025,ART ASIA WALL TILES-DC-116- 12*18 (D),8 BOX
353,01-04-2025,ART ASIA WALL TILES-DC-116- 12*18 (HL-1),27 BOX
354,01-04-2025,ART ASIA WALL TILES-DC-116- 12*18 (L),8 BOX
355,01-04-2025,Ash Dc,93 BOX
356,01-04-2025,BASKIN WHITE - PGVT- 24*24- PRE.,43 BOX
357,01-04-2025,BLACK,23 BOX
358,01-04-2025,Black Dc,31 BOX
359,01-04-2025,BLACK ROSE SUPER HG 2X4 PRE,1 BOX
360,01-04-2025,BLESSAN WHITE -PGVT- 24*48,42 BOX
361,01-04-2025,Brilliant White 2x4,10 BOX
362,01-04-2025,BRILLO IVORY GOLD,5 BOX
363,01-04-2025,BULGARI GREY 2X4,3 BOX
364,01-04-2025,CARDIO WHITE 16X16 PRE,5 BOX
365,01-04-2025,CASTAL WHITE 2X4 PRE,15 BOX
366,01-04-2025,Cava 101 No.,3 PCS
367,01-04-2025,Cefone EL-5031 12x18,141 BOX
368,01-04-2025,Cefone EL-5112 12x18,32 BOX
369,01-04-2025,Cefone EL-5238 12x18,3 BOX
370,01-04-2025,Cefone Plain White 12x18,180 BOX
371,01-04-2025,Cefone White Mate 12x12,1 BOX
372,01-04-2025,Chex Reon Black,24 BOX
373,01-04-2025,CLASSIC CARRARA 2X4,66 BOX
374,01-04-2025,Cloud Exotic Choco,1 BOX
375,01-04-2025,Cloud Exotic Crema,5 BOX
376,01-04-2025,Coffee Dc,100 BOX
377,01-04-2025,COLBY PISTA -D.CHARGE- 24*24,1 BOX
378,01-04-2025,CORINTO BLUE 2X4,10 BOX
379,01-04-2025,COSMIC BLACK -PGVT- 24*48,37 BOX
380,01-04-2025,COYATE BROWN -PGVT- 24*48,8 BOX
381,01-04-2025,COYATE NERO -PGVT- 24*48,22 BOX
382,01-04-2025,CRITICA SILVER 2X4,9 BOX
383,01-04-2025,CULCUTTA GOLD -PGVT- 24*24,45 BOX
384,01-04-2025,DESERT BIRCH AZUL PARK.TILES 16*16,29 BOX
385,01-04-2025,DESERT BIRCH WHITE PARK.TILES 16*16,54 BOX
386,01-04-2025,DESERT ROYAL BIANCO 16X16 PRE,35 BOX
387,01-04-2025,Dimond Arden,24 BOX
388,01-04-2025,EL-100 MATE -WALL TILES- 12*18,96 BOX
389,01-04-2025,EL-135 -WALL TILES- 12*18,75 BOX
390,01-04-2025,EL-34 -WALL TILES- 12*18,44 BOX
391,01-04-2025,EL-360 -WALL TILES- 12*18,9 BOX
392,01-04-2025,EL-8418 -WALL TILES- 12*18,3 BOX
393,01-04-2025,EL-85 -WALL TILES- 12*18,12 BOX
394,01-04-2025,ELENZA BIANCO,49 BOX
395,01-04-2025,ESSENCE ONYX 2X2 PRE,97 BOX
396,01-04-2025,FANTA ORANGE WALL TILES 12*18,60 BOX
397,01-04-2025,FINE MARMOLA NATURAL,69 BOX
398,01-04-2025,FIRE CRACKER 2X2 PRE,61 BOX
399,01-04-2025,FLORITA GREY -PGVT- 24*24 - PRE.,1 BOX
400,01-04-2025,FROSTY BROWN - END 2X4,40 BOX
401,01-04-2025,FROSTY CREMA - END 2X4,52 BOX
402,01-04-2025,FROSTY SILVER END 2X4,23 BOX
403,01-04-2025,Galaxy Black D,6 BOX
404,01-04-2025,Galaxy Green-D 2x2 DC Pre,26 BOX
405,01-04-2025,Galaxy White 2x2 D.Charge STD,1 BOX
406,01-04-2025,Gargiya Gold Pre,5 BOX
407,01-04-2025,GREEN,50 BOX
408,01-04-2025,HD 50205,34 BOX
409,01-04-2025,HD-51703-517 12*18 HD SECOORA,79 BOX
410,01-04-2025,IMPERIAL ONYX -PGVT- 24*24 - PRE.,2 BOX
411,01-04-2025,"INFINITY BROWN-HG 2X4 PRE,",44 BOX
412,01-04-2025,I Statuario 2x4 Gvt,13 BOX
413,01-04-2025,ITTALIAN BROWN -PGVT- 24*24,3 BOX
414,01-04-2025,LAURENT BLUE -PGVT- 24*48,16 BOX
415,01-04-2025,LAVAGNA BIANCO 16X16 PRE,4 BOX
416,01-04-2025,LAVAGNA NERO 16X16 PRE,2 BOX
417,01-04-2025,Lavanga Choco 16x16,4 BOX
418,01-04-2025,LEATHER DIAMONO,1 BOX
419,01-04-2025,Liner Salow Slate,30 BOX
420,01-04-2025,MANCHESTER ANTRE,15 BOX
421,01-04-2025,MARTILLO -02,200 BOX
422,01-04-2025,MARTILLO -05,300 BOX
423,01-04-2025,MATRIX BLUE - PGVT- 24*24 - PRE.,30 BOX
424,01-04-2025,Midas Bullet 180mm,1 PCS
425,01-04-2025,Midas Hactor Jet 12'',1 PCS
426,01-04-2025,Midas Hactor Jet 4'',1 PCS
427,01-04-2025,Midas Slim,1 PCS
428,01-04-2025,Midas Swift,1 PCS
429,01-04-2025,Multi Brown 16x16,3 BOX
430,01-04-2025,NANO-005(P) 194 STD,27 BOX
431,01-04-2025,NANO-10242(P) 223 STD,2 BOX
432,01-04-2025,NANO-10242(P) 253 STD,7 BOX
433,01-04-2025,Nano Eden (P),3 BOX
434,01-04-2025,Nano Gris,13 BOX
435,01-04-2025,Nano Homer Beige (P),3 BOX
436,01-04-2025,Nano Ivory 24*24 Pre.,3 BOX
437,01-04-2025,NANO IVORY VITRIFIED STD. 24*24,12 BOX
438,01-04-2025,Nano Orchid,14 BOX
439,01-04-2025,Nano Persa,28 BOX
440,01-04-2025,Nano PRE Babariya Gold,15 BOX
441,01-04-2025,Nano Rivera Blue,10 BOX
442,01-04-2025,NANO-RIVO(P) 303 STD,10 BOX
443,01-04-2025,Nano R. Sand,1 BOX
444,01-04-2025,NANO-SB SPLASH-15 STD,1 BOX
445,01-04-2025,Nano Stilo,4 BOX
446,01-04-2025,Nano Vinear (P),5 BOX
447,01-04-2025,NEOMI GREY 2X4 PRE,7 BOX
448,01-04-2025,NERO PICASSO SUPER HG 2X4 PRE,47 BOX
449,01-04-2025,OLIVE BRASS -PGVT- 24*48,46 BOX
450,01-04-2025,ORAM GREY 2X4 PRE,4 BOX
451,01-04-2025,ORANGE,53 BOX
452,01-04-2025,ORBIT MERCURY ORANGE PARK.TILES 16*16,1 BOX
453,01-04-2025,Pain Ivory 12x12 Secoora,99 BOX
454,01-04-2025,PAVER COBALT PARK.TILES 16*16,48 BOX
455,01-04-2025,Pista Dc,86 BOX
456,01-04-2025,PLAIN BLACK 12*24 - SECOORA,2 BOX
457,01-04-2025,PLAIN WHITE 12*12 SECOORA,106 BOX
458,01-04-2025,PLAIN WHITE 2X4,22 BOX
459,01-04-2025,PLAIN WHITE -FLOOR TILES- 12*12 (F),3 BOX
460,01-04-2025,PLAIN WHITE -WALL TILES- 12*18 Styllen,13 BOX
461,01-04-2025,PULPIS GREY 2X4 PRE,27 BOX
462,01-04-2025,PULSIP WHITE 24*48,1 BOX
463,01-04-2025,PULSIP WHITE -PGVT- 24*24,7 BOX
464,01-04-2025,Red Wain Onyx 2x4,20 BOX
465,01-04-2025,REFLECTA PLATINUM -PGVT- 24*24 - PRE.,4 BOX
466,01-04-2025,Rich Black 2x2,9 BOX
467,01-04-2025,Rock Consa Grey,9 BOX
468,01-04-2025,ROSALIYA CREMA 2X4 PRE.,1 BOX
469,01-04-2025,Rosaliya Gold 2x4,1 BOX
470,01-04-2025,ROYAL PINKI,36 BOX
471,01-04-2025,Saint Laurent 2x4,13 BOX
472,01-04-2025,Sandi Dc,18 BOX
473,01-04-2025,SELVE ONYX GOLD -PGVT- 24*48,32 BOX
474,01-04-2025,SHINE CREMA -PGVT- 24*24,35 BOX
475,01-04-2025,Silica White 2x2,5 BOX
476,01-04-2025,SILVER ONYX 2X2 PRE.,45 BOX
477,01-04-2025,SMOKE STUARIO -PGVT- 24*24 - PRE.,2 BOX
478,01-04-2025,SNOW WHITE -PGVT- 24*24,30 BOX
479,01-04-2025,Sparkle Granic Bianco 16x16,82 BOX
480,01-04-2025,Sparkle Granic Choco 16x16,66 BOX
481,01-04-2025,Sparkle Granic Ivory 16x16,10 BOX
482,01-04-2025,Sparkle Granic Nero 16x16,80 BOX
483,01-04-2025,SP BLUE,49 BOX
484,01-04-2025,SPIRAL CHOCO -PGVT- 24*48,1 BOX
485,01-04-2025,SP RED,79 BOX
486,01-04-2025,STAGNONE BLUE -PGVT- 24*24,15 BOX
487,01-04-2025,STATURIO MARBLE -PGVT- 24*48,5 BOX
488,01-04-2025,Stilwell Statuario 2x4 Gvt,2 BOX
489,01-04-2025,SUPER BLACK 24*48,5 BOX
490,01-04-2025,SUPER WHITE CEFONE,7 BOX
491,01-04-2025,TG Silver 1kg Ivory,3 PCS
492,01-04-2025,TG Silver 1kg White,7 PCS
493,01-04-2025,THUNDER BOLD -PGVT- 24*24,47 BOX
494,01-04-2025,THUNDER BRONZE -PGVT- 24*24 - PRE.,14 BOX
495,01-04-2025,Tiles Cleaner 1ltr,1 BOX
496,01-04-2025,W-51120 -F 12*12 SECOORA,57 BOX
497,01-04-2025,W-51195-F 12*12 SECOORA,30 BOX
498,01-04-2025,W-51342 -F 12*12 SECOORA,6 BOX
499,01-04-2025,W-51402-F 12*12 SECOORA,53 BOX
500,01-04-2025,W-51745 F 300X300 SECOORA,19 BOX
501,01-04-2025,W-51798 (F) 12*12 SECOORA,1 BOX
502,01-04-2025,W-52136-F 12*12 SECOORA,30 BOX
503,01-04-2025,W-AQUA -F 12*12 SECOORA,28 BOX
504,01-04-2025,WHITE 12X12 F,50 BOX
505,01-04-2025,White Dc,34 BOX
506,01-04-2025,WINDSON PARK.TILES -7105- 16*16,8 BOX
507,01-04-2025,WINDSON PARK.TILES -7143- 16*16,23 BOX
508,01-04-2025,WSM- 113 300X300 SECOORA,6 BOX
509,01-04-2025,WSM- 113 D-P 450X300 SECOORA,10 BOX
510,01-04-2025,WSM- 113 L-P 450X300 SECOORA,55 BOX
511,01-04-2025,WSM-268 AQUA D-S23 450X300 SECOORA,8 BOX
512,01-04-2025,WSM 268 AQUA HL-S157 450X300 SECOORA,3 BOX
513,01-04-2025,WSM 268 AQUA L-S23 450X300 SECOORA,40 BOX
514,01-04-2025,WSM-502 (HL-1)P 18*12 SECOORA,28 BOX
515,01-04-2025,WSM-502 (HL-4)P 18*12 SECOORA,20 BOX
516,01-04-2025,WSM-502 (L)P 18*12 SECOORA,95 BOX
517,01-04-2025,WSM-51120-DP 12*18 SECOORA,28 BOX
518,01-04-2025,WSM-51120-HL-AP 12*18 SECOORA,13 BOX
519,01-04-2025,WSM-51120-HL-BP 12*18 SECOORA,13 BOX
520,01-04-2025,WSM-51120-LP 12*18 SECOORA,32 BOX
521,01-04-2025,WSM-51195 (D) 2S 18*12 SECOORA,12 BOX
522,01-04-2025,WSM-51195 (L)2S 18*12 SECOORA,2 BOX
523,01-04-2025,WSM 51342 -D S218 12*18 SECOORA,5 BOX
524,01-04-2025,WSM 51342 HL-1 S218 12*18 SECOORA,27 BOX
525,01-04-2025,WSM 51342 L-S218 12*18 SECOORA,7 BOX
526,01-04-2025,WSM-51402-DP 12*18 SECOORA,8 BOX
527,01-04-2025,WSM-51402-HL-1 S229 12*18 SECOORA,64 BOX
528,01-04-2025,WSM-51402 (HL-2) 2S 18*12 SECOORA,31 BOX
529,01-04-2025,WSM-51402-LP 12*18 SECOORA,27 BOX
530,01-04-2025,WSM-51461-D-S31 12*18 SECOORA,17 BOX
531,01-04-2025,WSM-51461-HL-2 S31 12*18 SECOORA,44 BOX
532,01-04-2025,WSM-51461-L S31 12*18 SECOORA,73 BOX
533,01-04-2025,WSM-51477-HL-1 S223 12*18 SECOORA,23 BOX
534,01-04-2025,WSM-51477-LP 12*18 SECOORA,32 BOX
535,01-04-2025,WSM-51657-DP 12*18 SECOORA,16 BOX
536,01-04-2025,WSM-51657-HL-1 S186 12*18 SECOORA,5 BOX
537,01-04-2025,WSM-51657-LP 12*18 SECOORA,3 BOX
538,01-04-2025,WSM-51745 D-P 450X300 SECOORA,6 BOX
539,01-04-2025,WSM -51745 HL-1 S202 450X300 SECOORA,58 BOX
540,01-04-2025,WSM-51745 L-P 450X300 SECOORA,65 BOX
541,01-04-2025,WSM-51798 -DP 12*18 SECOORA,1 BOX
542,01-04-2025,WSM-51815-HL-1 S256 12*18 SECOORA,26 BOX
543,01-04-2025,WSM-51867-HL-1 S249 12*18 SECOORA,5 BOX
544,01-04-2025,WSM-51867-LP 12*18 SECOORA,3 BOX
545,01-04-2025,WSM-519 KCH-03-P 18*12 SECOORA,21 BOX
546,01-04-2025,WSM-52136 D-P 18*12 SECOORA,6 BOX
547,01-04-2025,WSM-52136 (HL-1) S267 18*12 SECOORA,4 BOX
548,01-04-2025,WSM-529 (D) S181 18*12 SECOORA,16 BOX
549,01-04-2025,WSM-529 -F 300X300 SECOORA,59 BOX
550,01-04-2025,WSM 529 HL-1 S181 450X300 SECOORA,90 BOX
551,01-04-2025,WSM-529-KCH-01-S181 18*12 SECOORA,5 BOX
552,01-04-2025,WSM-529-KCH-02-S181 18*12 SECOORA,18 BOX
553,01-04-2025,WSM-529 L-S181 450X300 SECOORA,60 BOX
554,01-04-2025,WSM -536-KCH-1 S174 12*18 SECOORA,7 BOX
555,01-04-2025,WSM -536 -KCH-3 S174 12*18 SECOORA,15 BOX
556,01-04-2025,WSM -536 -L S174 12*18 SECOORA,21 BOX
557,01-04-2025,WSM-538-LP 12*18 SECOORA,5 BOX
558,01-04-2025,WSM-562-KCH-1 -S182 18*12 SECOORA,14 BOX
559,01-04-2025,WSM-562-KCH-2 -S182 18*12 SECOORA,16 BOX
560,01-04-2025,WSM-562-L-S182 18*12 SECOORA,62 BOX
561,01-04-2025,WSM-625-D-S219 12*18 SECOORA,5 BOX
562,01-04-2025,WSM-625-KCH-1 S219 12*18 SECOORA,10 BOX
563,01-04-2025,WSM-625-KCH-2 S219 12*18 SECOORA,19 BOX
564,01-04-2025,WSM-648-D-S181 18*12 SECOORA,99 BOX
565,01-04-2025,WSM-648-KCH-1-S181 18*12 SECOORA,24 BOX
566,01-04-2025,WSM-648-L -S181 18*12 SECOORA,12 BOX
567,01-04-2025,WSM -650 D-S31 450X300 SECOORA,52 BOX
568,01-04-2025,WSM -650 KCH-1 -P 450X300 SECOORA,8 BOX
569,01-04-2025,WSM- 675 -KCH-1 -P 12*18 SECOORA,20 BOX
570,01-04-2025,WSM -675 -KCH-2 -P 12*18 SECOORA,36 BOX
571,01-04-2025,WSM -675 -L -P 12*18 SECOORA,6 BOX
572,01-04-2025,WSM-G-10299-S41 450X300 SECOORA,1 BOX
573,01-04-2025,WSM-G-10339 AL01 12*18 SECOORA,1 BOX
574,01-04-2025,WSM- PLAIN BLACK 12*18 SECOORA,50 BOX
575,01-04-2025,W-WHITE -F-P- 12*12 KHAKHI PLAIN SECOORA,117 BOX
576,01-04-2025,W-WHITE MATE -F- 12*12 SECOORA,61 BOX
577,01-04-2025,YELLOW,59 BOX
578,01-04-2025,Z BLACK 2X4 PRE,28 BOX
579,01-04-2025,ZEBRONIC NERO -PGVT- 24*24 - PRE.,91 BOX
580,01-04-2025,Z/SUPER BLACK -24*24,34 BOX

